dataset,system,brier_score,ece_10_bins,class_decisions,mean_supported_class_auc,auc_supported_class_count
SmartBugs-Curated,TACE-F1 (cross-fitted empirical-Bayes ensemble),0.0184085903562466,0.0332302550805965,1430,0.9384592957776636,10
SmartBugs-Curated,Prevalence-only (nested cross-fitted),0.07879565593116326,0.006877573421420136,1430,0.40285099214502174,10
SmartBugs-Curated,Logistic stacker (nested cross-fitted),0.011111369441348143,0.02827444331923082,1430,0.9051376933061197,10
ScrawlD,TACE-F1 (cross-fitted empirical-Bayes ensemble),0.08774147595465795,0.001171187700526845,45312,0.5781234057824934,7
ScrawlD,Prevalence-only (nested cross-fitted),0.08858288434372517,0.00016808902571432147,45312,0.4520938114819502,7
ScrawlD,Logistic stacker (nested cross-fitted),0.0878202063635501,0.0020546058280459475,45312,0.5783717215733836,7
BCCC,TACE-F1 (cross-fitted empirical-Bayes ensemble),0.249172331624215,0.0014209725434905919,19512,0.51395703378928,1
BCCC,Prevalence-only (nested cross-fitted),0.2500000036933724,6.406396137499053e-05,19512,0.49991800233192984,1
BCCC,Logistic stacker (nested cross-fitted),0.24921884023627436,0.0007569173303055027,19512,0.5152460923953233,1
