dataset,system,taxonomy_class,support,tp,fp,fn,precision,recall,f1,tn,specificity,false_positive_rate,accuracy,balanced_accuracy,mcc
SmartBugs-Curated,TACE-F1 (cross-fitted empirical-Bayes ensemble),access_control,18,15,0,3,1.0,0.8333333333333334,0.9090909090909091,,,,,,
SmartBugs-Curated,TACE-F1 (cross-fitted empirical-Bayes ensemble),arithmetic,15,14,0,1,1.0,0.9333333333333333,0.9655172413793104,,,,,,
SmartBugs-Curated,TACE-F1 (cross-fitted empirical-Bayes ensemble),bad_randomness,8,8,0,0,1.0,1.0,1.0,,,,,,
SmartBugs-Curated,TACE-F1 (cross-fitted empirical-Bayes ensemble),denial_of_service,6,6,0,0,1.0,1.0,1.0,,,,,,
SmartBugs-Curated,TACE-F1 (cross-fitted empirical-Bayes ensemble),other,3,0,0,3,0.0,0.0,0.0,,,,,,
SmartBugs-Curated,TACE-F1 (cross-fitted empirical-Bayes ensemble),reentrancy,31,31,3,0,0.9117647058823529,1.0,0.9538461538461539,,,,,,
SmartBugs-Curated,TACE-F1 (cross-fitted empirical-Bayes ensemble),short_addresses,1,0,0,1,0.0,0.0,0.0,,,,,,
SmartBugs-Curated,TACE-F1 (cross-fitted empirical-Bayes ensemble),time_manipulation,5,5,0,0,1.0,1.0,1.0,,,,,,
SmartBugs-Curated,TACE-F1 (cross-fitted empirical-Bayes ensemble),transaction_ordering,4,0,0,4,0.0,0.0,0.0,,,,,,
SmartBugs-Curated,TACE-F1 (cross-fitted empirical-Bayes ensemble),unchecked_low_level_calls,52,52,0,0,1.0,1.0,1.0,,,,,,
SmartBugs-Curated,Prevalence-only (nested cross-fitted),access_control,18,0,0,18,0.0,0.0,0.0,,,,,,
SmartBugs-Curated,Prevalence-only (nested cross-fitted),arithmetic,15,0,0,15,0.0,0.0,0.0,,,,,,
SmartBugs-Curated,Prevalence-only (nested cross-fitted),bad_randomness,8,0,0,8,0.0,0.0,0.0,,,,,,
SmartBugs-Curated,Prevalence-only (nested cross-fitted),denial_of_service,6,0,0,6,0.0,0.0,0.0,,,,,,
SmartBugs-Curated,Prevalence-only (nested cross-fitted),other,3,0,0,3,0.0,0.0,0.0,,,,,,
SmartBugs-Curated,Prevalence-only (nested cross-fitted),reentrancy,31,31,112,0,0.21678321678321677,1.0,0.3563218390804598,,,,,,
SmartBugs-Curated,Prevalence-only (nested cross-fitted),short_addresses,1,0,0,1,0.0,0.0,0.0,,,,,,
SmartBugs-Curated,Prevalence-only (nested cross-fitted),time_manipulation,5,0,0,5,0.0,0.0,0.0,,,,,,
SmartBugs-Curated,Prevalence-only (nested cross-fitted),transaction_ordering,4,0,0,4,0.0,0.0,0.0,,,,,,
SmartBugs-Curated,Prevalence-only (nested cross-fitted),unchecked_low_level_calls,52,52,91,0,0.36363636363636365,1.0,0.5333333333333333,,,,,,
SmartBugs-Curated,Logistic stacker (nested cross-fitted),access_control,18,16,1,2,0.9411764705882353,0.8888888888888888,0.9142857142857143,,,,,,
SmartBugs-Curated,Logistic stacker (nested cross-fitted),arithmetic,15,15,0,0,1.0,1.0,1.0,,,,,,
SmartBugs-Curated,Logistic stacker (nested cross-fitted),bad_randomness,8,8,0,0,1.0,1.0,1.0,,,,,,
SmartBugs-Curated,Logistic stacker (nested cross-fitted),denial_of_service,6,6,0,0,1.0,1.0,1.0,,,,,,
SmartBugs-Curated,Logistic stacker (nested cross-fitted),other,3,0,0,3,0.0,0.0,0.0,,,,,,
SmartBugs-Curated,Logistic stacker (nested cross-fitted),reentrancy,31,31,2,0,0.9393939393939394,1.0,0.96875,,,,,,
SmartBugs-Curated,Logistic stacker (nested cross-fitted),short_addresses,1,0,0,1,0.0,0.0,0.0,,,,,,
SmartBugs-Curated,Logistic stacker (nested cross-fitted),time_manipulation,5,5,0,0,1.0,1.0,1.0,,,,,,
SmartBugs-Curated,Logistic stacker (nested cross-fitted),transaction_ordering,4,0,0,4,0.0,0.0,0.0,,,,,,
SmartBugs-Curated,Logistic stacker (nested cross-fitted),unchecked_low_level_calls,52,51,0,1,1.0,0.9807692307692307,0.9902912621359223,,,,,,
ScrawlD,TACE-F1 (cross-fitted empirical-Bayes ensemble),arithmetic,3956,3956,1708,0,0.6984463276836158,1.0,0.8224532224532225,,,,,,
ScrawlD,TACE-F1 (cross-fitted empirical-Bayes ensemble),denial_of_service,0,0,0,0,0.0,0.0,0.0,,,,,,
ScrawlD,TACE-F1 (cross-fitted empirical-Bayes ensemble),locked_ether,1696,154,336,1542,0.3142857142857143,0.09080188679245282,0.14089661482159194,,,,,,
ScrawlD,TACE-F1 (cross-fitted empirical-Bayes ensemble),reentrancy,654,0,0,654,0.0,0.0,0.0,,,,,,
ScrawlD,TACE-F1 (cross-fitted empirical-Bayes ensemble),time_manipulation,145,0,0,145,0.0,0.0,0.0,,,,,,
ScrawlD,TACE-F1 (cross-fitted empirical-Bayes ensemble),transaction_ordering,1106,0,0,1106,0.0,0.0,0.0,,,,,,
ScrawlD,TACE-F1 (cross-fitted empirical-Bayes ensemble),tx_origin,5,0,0,5,0.0,0.0,0.0,,,,,,
ScrawlD,TACE-F1 (cross-fitted empirical-Bayes ensemble),unchecked_low_level_calls,18,0,0,18,0.0,0.0,0.0,,,,,,
ScrawlD,Prevalence-only (nested cross-fitted),arithmetic,3956,3956,1708,0,0.6984463276836158,1.0,0.8224532224532225,,,,,,
ScrawlD,Prevalence-only (nested cross-fitted),denial_of_service,0,0,0,0,0.0,0.0,0.0,,,,,,
ScrawlD,Prevalence-only (nested cross-fitted),locked_ether,1696,1696,3968,0,0.2994350282485876,1.0,0.4608695652173913,,,,,,
ScrawlD,Prevalence-only (nested cross-fitted),reentrancy,654,0,0,654,0.0,0.0,0.0,,,,,,
ScrawlD,Prevalence-only (nested cross-fitted),time_manipulation,145,0,0,145,0.0,0.0,0.0,,,,,,
ScrawlD,Prevalence-only (nested cross-fitted),transaction_ordering,1106,0,0,1106,0.0,0.0,0.0,,,,,,
ScrawlD,Prevalence-only (nested cross-fitted),tx_origin,5,0,0,5,0.0,0.0,0.0,,,,,,
ScrawlD,Prevalence-only (nested cross-fitted),unchecked_low_level_calls,18,0,0,18,0.0,0.0,0.0,,,,,,
ScrawlD,Logistic stacker (nested cross-fitted),arithmetic,3956,3956,1708,0,0.6984463276836158,1.0,0.8224532224532225,,,,,,
ScrawlD,Logistic stacker (nested cross-fitted),denial_of_service,0,0,0,0,0.0,0.0,0.0,,,,,,
ScrawlD,Logistic stacker (nested cross-fitted),locked_ether,1696,492,1125,1204,0.3042671614100185,0.29009433962264153,0.29701177180802896,,,,,,
ScrawlD,Logistic stacker (nested cross-fitted),reentrancy,654,0,0,654,0.0,0.0,0.0,,,,,,
ScrawlD,Logistic stacker (nested cross-fitted),time_manipulation,145,0,0,145,0.0,0.0,0.0,,,,,,
ScrawlD,Logistic stacker (nested cross-fitted),transaction_ordering,1106,0,0,1106,0.0,0.0,0.0,,,,,,
ScrawlD,Logistic stacker (nested cross-fitted),tx_origin,5,0,0,5,0.0,0.0,0.0,,,,,,
ScrawlD,Logistic stacker (nested cross-fitted),unchecked_low_level_calls,18,0,0,18,0.0,0.0,0.0,,,,,,
BCCC,TACE-F1 (cross-fitted empirical-Bayes ensemble),vulnerable,9756,8494,8104,1262,0.511748403422099,0.8706437064370643,0.6446080291416862,1652,0.16933169331693318,0.8306683066830668,0.5199876998769988,0.5199876998769988,0.05607792728913083
BCCC,Prevalence-only (nested cross-fitted),vulnerable,9756,0,0,9756,0.0,0.0,0.0,9756,1.0,0.0,0.5,0.5,0.0
BCCC,Logistic stacker (nested cross-fitted),vulnerable,9756,8493,8099,1263,0.5118731918997107,0.8705412054120542,0.6446789130104752,1657,0.16984419844198442,0.8301558015580156,0.5201927019270193,0.5201927019270193,0.056605082353778924
