dataset,candidate,baseline,metric,candidate_value,baseline_value,observed_difference,bootstrap_ci95_lower,bootstrap_ci95_upper,bootstrap_repetitions,ci_excludes_zero,paired_random_swap_p,permutation_repetitions,uncertainty_scope,pipeline_refitted_within_bootstrap,holm_adjusted_p
SmartBugs-Curated,TACE-F1 (cross-fitted empirical-Bayes ensemble),Prevalence-only (nested cross-fitted),micro_f1,0.9458483754512635,0.38694638694638694,0.5589019885048766,0.5068265068265068,0.6109239209112932,10000,True,9.999000099990002e-05,10000,conditional_on_fixed_oof_predictions,False,0.00029997000299970003
SmartBugs-Curated,TACE-F1 (cross-fitted empirical-Bayes ensemble),Logistic stacker (nested cross-fitted),micro_f1,0.9458483754512635,0.9496402877697842,-0.003791912318520607,-0.020551319648093827,0.011065766755611328,10000,False,0.8104189581041896,10000,conditional_on_fixed_oof_predictions,False,0.8104189581041896
SmartBugs-Curated,Logistic stacker (nested cross-fitted),Prevalence-only (nested cross-fitted),micro_f1,0.9496402877697842,0.38694638694638694,0.5626939008233972,0.5088137199042788,0.6180723191399349,10000,True,9.999000099990002e-05,10000,conditional_on_fixed_oof_predictions,False,0.00029997000299970003
ScrawlD,TACE-F1 (cross-fitted empirical-Bayes ensemble),Prevalence-only (nested cross-fitted),micro_f1,0.598514635211883,0.5978421832028771,0.0006724520090058972,-0.007468549610429598,0.00875254813663184,10000,False,0.8634136586341365,10000,conditional_on_fixed_oof_predictions,False,1.0
ScrawlD,TACE-F1 (cross-fitted empirical-Bayes ensemble),Logistic stacker (nested cross-fitted),micro_f1,0.598514635211883,0.5986138214117489,-9.918619986593047e-05,-0.0043599889467787175,0.00410429899992618,10000,False,0.9598040195980402,10000,conditional_on_fixed_oof_predictions,False,1.0
ScrawlD,Logistic stacker (nested cross-fitted),Prevalence-only (nested cross-fitted),micro_f1,0.5986138214117489,0.5978421832028771,0.0007716382088718277,-0.006287138830691749,0.007640110781370654,10000,False,0.8257174282571743,10000,conditional_on_fixed_oof_predictions,False,1.0
BCCC,TACE-F1 (cross-fitted empirical-Bayes ensemble),Prevalence-only (nested cross-fitted),balanced_accuracy,0.5199876998769988,0.5,0.019987699876998777,0.015062730160994525,0.02490500096533223,10000,True,0.0020997900209979003,10000,conditional_on_fixed_oof_predictions,False,0.006299370062993701
BCCC,TACE-F1 (cross-fitted empirical-Bayes ensemble),Logistic stacker (nested cross-fitted),balanced_accuracy,0.5199876998769988,0.5201927019270193,-0.00020500205002049743,-0.00046264509244146326,2.270457781999846e-06,10000,False,0.21937806219378062,10000,conditional_on_fixed_oof_predictions,False,0.21937806219378062
BCCC,Logistic stacker (nested cross-fitted),Prevalence-only (nested cross-fitted),balanced_accuracy,0.5201927019270193,0.5,0.020192701927019274,0.015294227356842105,0.025205753019655844,10000,True,0.0025997400259974,10000,conditional_on_fixed_oof_predictions,False,0.006299370062993701
