dataset,taxonomy_class,agreement_pattern,empirical_positive_rate,decisions,truth_positive,tace_positive,tace_tp,prevalence_positive,prevalence_tp,stacker_positive,stacker_tp
SmartBugs-Curated,access_control,000,0.008928571428571428,112,1,0,0,0,0,0,0
SmartBugs-Curated,access_control,001,0.0,1,0,0,0,0,0,0,0
SmartBugs-Curated,access_control,010,0.0,12,0,0,0,0,0,0,0
SmartBugs-Curated,access_control,011,0.5,2,1,0,0,0,0,1,0
SmartBugs-Curated,access_control,110,1.0,1,1,0,0,0,0,1,1
SmartBugs-Curated,access_control,111,1.0,15,15,15,15,0,0,15,15
SmartBugs-Curated,arithmetic,000,0.0,116,0,0,0,0,0,0,0
SmartBugs-Curated,arithmetic,001,0.0,1,0,0,0,0,0,0,0
SmartBugs-Curated,arithmetic,010,0.0,7,0,0,0,0,0,0,0
SmartBugs-Curated,arithmetic,011,0.0,4,0,0,0,0,0,0,0
SmartBugs-Curated,arithmetic,101,1.0,1,1,0,0,0,0,1,1
SmartBugs-Curated,arithmetic,111,1.0,14,14,14,14,0,0,14,14
SmartBugs-Curated,bad_randomness,000,0.0,130,0,0,0,0,0,0,0
SmartBugs-Curated,bad_randomness,010,0.0,5,0,0,0,0,0,0,0
SmartBugs-Curated,bad_randomness,111,1.0,8,8,8,8,0,0,8,8
SmartBugs-Curated,denial_of_service,000,0.0,127,0,0,0,0,0,0,0
SmartBugs-Curated,denial_of_service,010,0.0,9,0,0,0,0,0,0,0
SmartBugs-Curated,denial_of_service,100,0.0,1,0,0,0,0,0,0,0
SmartBugs-Curated,denial_of_service,111,1.0,6,6,6,6,0,0,6,6
SmartBugs-Curated,other,000,0.0,130,0,0,0,0,0,0,0
SmartBugs-Curated,other,010,0.1,10,1,0,0,0,0,0,0
SmartBugs-Curated,other,011,0.5,2,1,0,0,0,0,0,0
SmartBugs-Curated,other,111,1.0,1,1,0,0,0,0,0,0
SmartBugs-Curated,reentrancy,000,0.0,84,0,0,0,84,0,0,0
SmartBugs-Curated,reentrancy,001,0.0,6,0,0,0,6,0,0,0
SmartBugs-Curated,reentrancy,010,0.0,19,0,0,0,19,0,0,0
SmartBugs-Curated,reentrancy,011,0.0,2,0,2,0,2,0,2,0
SmartBugs-Curated,reentrancy,100,0.0,1,0,1,0,1,0,0,0
SmartBugs-Curated,reentrancy,111,1.0,31,31,31,31,31,31,31,31
SmartBugs-Curated,short_addresses,000,0.0,128,0,0,0,0,0,0,0
SmartBugs-Curated,short_addresses,010,0.0,14,0,0,0,0,0,0,0
SmartBugs-Curated,short_addresses,101,1.0,1,1,0,0,0,0,0,0
SmartBugs-Curated,time_manipulation,000,0.0,130,0,0,0,0,0,0,0
SmartBugs-Curated,time_manipulation,001,0.0,2,0,0,0,0,0,0,0
SmartBugs-Curated,time_manipulation,010,0.0,6,0,0,0,0,0,0,0
SmartBugs-Curated,time_manipulation,111,1.0,5,5,5,5,0,0,5,5
SmartBugs-Curated,transaction_ordering,000,0.022556390977443608,133,3,0,0,0,0,0,0
SmartBugs-Curated,transaction_ordering,010,0.0,9,0,0,0,0,0,0,0
SmartBugs-Curated,transaction_ordering,110,1.0,1,1,0,0,0,0,0,0
SmartBugs-Curated,unchecked_low_level_calls,000,0.0,70,0,0,0,70,0,0,0
SmartBugs-Curated,unchecked_low_level_calls,001,1.0,1,1,1,1,1,1,0,0
SmartBugs-Curated,unchecked_low_level_calls,010,0.0,21,0,0,0,21,0,0,0
SmartBugs-Curated,unchecked_low_level_calls,011,1.0,1,1,1,1,1,1,1,1
SmartBugs-Curated,unchecked_low_level_calls,101,1.0,4,4,4,4,4,4,4,4
SmartBugs-Curated,unchecked_low_level_calls,110,1.0,1,1,1,1,1,1,1,1
SmartBugs-Curated,unchecked_low_level_calls,111,1.0,45,45,45,45,45,45,45,45
ScrawlD,arithmetic,000,0.7199918896999189,4932,3551,4932,3551,4932,3551,4932,3551
ScrawlD,arithmetic,001,0.376425855513308,263,99,263,99,263,99,263,99
ScrawlD,arithmetic,010,0.6399026763990268,411,263,411,263,411,263,411,263
ScrawlD,arithmetic,011,0.6486486486486487,37,24,37,24,37,24,37,24
ScrawlD,arithmetic,100,0.8947368421052632,19,17,19,17,19,17,19,17
ScrawlD,arithmetic,110,1.0,2,2,2,2,2,2,2,2
ScrawlD,denial_of_service,000,0.0,5003,0,0,0,0,0,0,0
ScrawlD,denial_of_service,010,0.0,659,0,0,0,0,0,0,0
ScrawlD,denial_of_service,011,0.0,1,0,0,0,0,0,0,0
ScrawlD,denial_of_service,100,0.0,1,0,0,0,0,0,0,0
ScrawlD,locked_ether,000,0.2948486670675486,4989,1471,0,0,4989,1471,993,276
ScrawlD,locked_ether,001,0.07142857142857142,14,1,0,0,14,1,0,0
ScrawlD,locked_ether,010,0.34782608695652173,621,216,489,154,621,216,621,216
ScrawlD,locked_ether,011,0.5,2,1,1,0,2,1,1,0
ScrawlD,locked_ether,100,0.21212121212121213,33,7,0,0,33,7,0,0
ScrawlD,locked_ether,110,0.0,5,0,0,0,5,0,2,0
ScrawlD,reentrancy,000,0.085824493731919,3111,267,0,0,0,0,0,0
ScrawlD,reentrancy,001,0.15681233933161953,389,61,0,0,0,0,0,0
ScrawlD,reentrancy,010,0.134,1500,201,0,0,0,0,0,0
ScrawlD,reentrancy,011,0.20840950639853748,547,114,0,0,0,0,0,0
ScrawlD,reentrancy,100,0.07692307692307693,26,2,0,0,0,0,0,0
ScrawlD,reentrancy,101,0.06060606060606061,33,2,0,0,0,0,0,0
ScrawlD,reentrancy,110,0.10526315789473684,19,2,0,0,0,0,0,0
ScrawlD,reentrancy,111,0.1282051282051282,39,5,0,0,0,0,0,0
ScrawlD,time_manipulation,000,0.02367601246105919,4815,114,0,0,0,0,0,0
ScrawlD,time_manipulation,001,0.046263345195729534,281,13,0,0,0,0,0,0
ScrawlD,time_manipulation,010,0.02564102564102564,429,11,0,0,0,0,0,0
ScrawlD,time_manipulation,011,0.03418803418803419,117,4,0,0,0,0,0,0
ScrawlD,time_manipulation,100,0.125,16,2,0,0,0,0,0,0
ScrawlD,time_manipulation,101,0.25,4,1,0,0,0,0,0,0
ScrawlD,time_manipulation,110,0.0,1,0,0,0,0,0,0,0
ScrawlD,time_manipulation,111,0.0,1,0,0,0,0,0,0,0
ScrawlD,transaction_ordering,000,0.190142490072413,4281,814,0,0,0,0,0,0
ScrawlD,transaction_ordering,001,0.1988095238095238,840,167,0,0,0,0,0,0
ScrawlD,transaction_ordering,010,0.25547445255474455,411,105,0,0,0,0,0,0
ScrawlD,transaction_ordering,011,0.15267175572519084,131,20,0,0,0,0,0,0
ScrawlD,transaction_ordering,100,0.0,1,0,0,0,0,0,0,0
ScrawlD,tx_origin,000,0.0004060089321965083,4926,2,0,0,0,0,0,0
ScrawlD,tx_origin,001,0.0,23,0,0,0,0,0,0,0
ScrawlD,tx_origin,010,0.0,542,0,0,0,0,0,0,0
ScrawlD,tx_origin,011,0.0,11,0,0,0,0,0,0,0
ScrawlD,tx_origin,100,0.061224489795918366,49,3,0,0,0,0,0,0
ScrawlD,tx_origin,101,0.0,35,0,0,0,0,0,0,0
ScrawlD,tx_origin,110,0.0,34,0,0,0,0,0,0,0
ScrawlD,tx_origin,111,0.0,44,0,0,0,0,0,0,0
ScrawlD,unchecked_low_level_calls,000,0.0,382,0,0,0,0,0,0,0
ScrawlD,unchecked_low_level_calls,001,0.0,211,0,0,0,0,0,0,0
ScrawlD,unchecked_low_level_calls,010,0.003799392097264438,2632,10,0,0,0,0,0,0
ScrawlD,unchecked_low_level_calls,011,0.0008357709987463436,2393,2,0,0,0,0,0,0
ScrawlD,unchecked_low_level_calls,100,0.0,2,0,0,0,0,0,0,0
ScrawlD,unchecked_low_level_calls,110,0.15625,32,5,0,0,0,0,0,0
ScrawlD,unchecked_low_level_calls,111,0.08333333333333333,12,1,0,0,0,0,0,0
BCCC,vulnerable,000,0.21052631578947367,57,12,0,0,0,0,0,0
BCCC,vulnerable,001,0.46153846153846156,13,6,6,1,0,0,1,0
BCCC,vulnerable,010,0.4390155627940644,2763,1213,0,0,0,0,0,0
BCCC,vulnerable,011,0.5119758556475952,15573,7973,15573,7973,0,0,15573,7973
BCCC,vulnerable,100,0.0,1,0,1,0,0,0,0,0
BCCC,vulnerable,110,0.367816091954023,87,32,0,0,0,0,0,0
BCCC,vulnerable,111,0.5108055009823183,1018,520,1018,520,0,0,1018,520
