dataset,metric,model_a,model_b,n,model_a_value,model_b_value,observed_difference_a_minus_b,paired_bootstrap_ci95_lower,paired_bootstrap_ci95_upper,bootstrap_probability_a_greater,paired_permutation_p_value,bootstrap_repetitions,permutation_repetitions,seed,holm_adjusted_p_value,significant_after_holm_0_05
SmartBugs-Curated,micro_f1,Qwen2.5-Coder-7B-Instruct,CodeLlama-7B-Instruct,143,0.9605734767025089,0.6700507614213198,0.2905227152811891,0.21763972636552767,0.3576399452652548,1.0,9.999000099990002e-05,10000,10000,2026,0.00029997000299970003,True
SmartBugs-Curated,micro_f1,Qwen2.5-Coder-7B-Instruct,Mistral-7B-Instruct-v0.3,143,0.9605734767025089,0.9121621621621622,0.04841131454034675,0.007754460907501235,0.09250966206380339,0.99135,0.0364963503649635,10000,10000,2026,0.0364963503649635,True
SmartBugs-Curated,micro_f1,CodeLlama-7B-Instruct,Mistral-7B-Instruct-v0.3,143,0.6700507614213198,0.9121621621621622,-0.24211140074084236,-0.3112337816285184,-0.16873246962021762,0.0,9.999000099990002e-05,10000,10000,2026,0.00029997000299970003,True
ScrawlD,micro_f1,Qwen2.5-Coder-7B-Instruct,CodeLlama-7B-Instruct,5664,0.012268402603905859,0.10827430955910614,-0.09600590695520028,-0.10266573865248543,-0.08921921239829322,0.0,9.999000099990002e-05,10000,10000,2026,0.00029997000299970003,True
ScrawlD,micro_f1,Qwen2.5-Coder-7B-Instruct,Mistral-7B-Instruct-v0.3,5664,0.012268402603905859,0.0791820418204182,-0.06691363921651235,-0.07432983723811876,-0.05966634023631157,0.0,9.999000099990002e-05,10000,10000,2026,0.00029997000299970003,True
ScrawlD,micro_f1,CodeLlama-7B-Instruct,Mistral-7B-Instruct-v0.3,5664,0.10827430955910614,0.0791820418204182,0.029092267738687935,0.0210935649761819,0.03696990694940548,1.0,9.999000099990002e-05,10000,10000,2026,0.00029997000299970003,True
BCCC,balanced_accuracy,Qwen2.5-Coder-7B-Instruct,CodeLlama-7B-Instruct,19512,0.49989749897498975,0.5017937679376794,-0.001896268962689629,-0.005252272055211555,0.0014326380502252152,0.1379,0.7895210478952105,10000,10000,2026,0.7895210478952105,False
BCCC,mcc,Qwen2.5-Coder-7B-Instruct,CodeLlama-7B-Instruct,19512,-0.00044327447420551536,0.029790621923843075,-0.03023389639804859,-0.048598670981923255,-0.011561155262237749,0.0005,0.029497050294970503,10000,10000,2026,0.029497050294970503,True
BCCC,balanced_accuracy,Qwen2.5-Coder-7B-Instruct,Mistral-7B-Instruct-v0.3,19512,0.49989749897498975,0.5201927019270193,-0.020295202952029523,-0.02597010345633064,-0.014430279935811833,0.0,0.0013998600139986002,10000,10000,2026,0.0027997200279972004,True
BCCC,mcc,Qwen2.5-Coder-7B-Instruct,Mistral-7B-Instruct-v0.3,19512,-0.00044327447420551536,0.05670125328985323,-0.05714452776405875,-0.0759591495669485,-0.03759894040176491,0.0,9.999000099990002e-05,10000,10000,2026,0.00029997000299970003,True
BCCC,balanced_accuracy,CodeLlama-7B-Instruct,Mistral-7B-Instruct-v0.3,19512,0.5017937679376794,0.5201927019270193,-0.018398933989339894,-0.023442169534110054,-0.013463708068150773,0.0,9.999000099990002e-05,10000,10000,2026,0.00029997000299970003,True
BCCC,mcc,CodeLlama-7B-Instruct,Mistral-7B-Instruct-v0.3,19512,0.029790621923843075,0.05670125328985323,-0.026910631366010157,-0.045013565864248574,-0.009138653551977316,0.0022,0.009299070092990702,10000,10000,2026,0.018598140185981403,True
