dataset,model,records,chunks,first_attempt_valid_chunks,first_attempt_valid_chunk_rate,first_attempt_json_failures,first_attempt_schema_violations,first_attempt_taxonomy_violations,first_attempt_runtime_failures,first_attempt_other_failures,first_attempt_native_valid_records,first_attempt_native_valid_record_rate,format_retry_chunks,format_recovered_chunks,structural_repair_chunks,targeted_reinference_chunks,recovery_exposed_records,recovery_exposed_record_rate,changed_category_count_records,changed_category_set_records,changed_binary_decision_records,changed_category_set_rate_among_exposed,changed_binary_rate_among_exposed,final_non_ok_records,source_jsonl
SmartBugs-Curated,Qwen2.5-Coder-7B-Instruct,143,160,139,0.86875,0,21,0,0,0,122,0.8531468531468531,21,10,11,0,21,0.14685314685314685,15,15,15,0.7142857142857143,0.7142857142857143,0,results_Qwen_Qwen2.5-Coder-7B-Instruct_c03e6d358207_smartbugs.jsonl
SmartBugs-Curated,CodeLlama-7B-Instruct,143,167,51,0.30538922155688625,105,0,11,0,0,47,0.32867132867132864,116,104,0,12,96,0.6713286713286714,94,94,93,0.9791666666666666,0.96875,0,results_codellama_CodeLlama-7b-Instruct-hf_22cb240e0292_smartbugs.jsonl
SmartBugs-Curated,Mistral-7B-Instruct-v0.3,143,166,116,0.6987951807228916,0,45,5,0,0,115,0.8041958041958042,50,34,11,5,28,0.1958041958041958,28,28,28,1.0,1.0,0,results_mistralai_Mistral-7B-Instruct-v0.3_c170c708c41d_smartbugs.jsonl
ScrawlD,Qwen2.5-Coder-7B-Instruct,5664,16187,5673,0.3504664236733181,9559,955,0,0,0,3663,0.6467161016949152,10514,9858,387,269,2001,0.3532838983050847,393,393,393,0.19640179910044978,0.19640179910044978,0,results_Qwen_Qwen2.5-Coder-7B-Instruct_c03e6d358207_scrawld.jsonl
ScrawlD,CodeLlama-7B-Instruct,5664,17873,7126,0.3987019526660326,10714,15,15,3,0,765,0.1350635593220339,10747,10743,1,3,4899,0.8649364406779662,4445,4445,4025,0.9073280261277812,0.8215962441314554,0,results_codellama_CodeLlama-7b-Instruct-hf_22cb240e0292_scrawld.jsonl
ScrawlD,Mistral-7B-Instruct-v0.3,5664,17742,363,0.020459925600270545,0,17378,1,0,0,210,0.037076271186440676,17379,16698,681,0,5454,0.9629237288135594,3940,3940,3873,0.7224055738907224,0.7101210121012101,0,results_mistralai_Mistral-7B-Instruct-v0.3_c170c708c41d_scrawld.jsonl
BCCC,Qwen2.5-Coder-7B-Instruct,19512,32257,22014,0.6824565210651952,6466,3777,0,0,0,12842,0.6581590815908159,10243,8362,995,886,6670,0.34184091840918407,1100,1100,1100,0.16491754122938532,0.16491754122938532,0,results_Qwen_Qwen2.5-Coder-7B-Instruct_c03e6d358207_bccc.jsonl
BCCC,CodeLlama-7B-Instruct,19512,37189,6861,0.18449003737664363,30137,3,183,5,0,1893,0.09701722017220173,30328,30285,9,34,17619,0.9029827798277983,16947,16947,14316,0.9618593563766389,0.8125319257619615,0,results_codellama_CodeLlama-7b-Instruct-hf_22cb240e0292_bccc.jsonl
BCCC,Mistral-7B-Instruct-v0.3,19512,36738,1531,0.04167347160977734,0,35195,12,0,0,764,0.039155391553915536,35207,33299,1896,12,18748,0.9608446084460844,15850,15850,15383,0.8454235118412631,0.8205141881800725,0,results_mistralai_Mistral-7B-Instruct-v0.3_c170c708c41d_bccc.jsonl
