dataset,model,policy,n,common_untouched_n,common_untouched_rate,common_native_valid_n,common_native_valid_rate,primary_metric,primary_value,delta_primary_vs_final_all,tp,fp,fn,micro_precision,micro_recall,micro_f1,macro_precision_all_declared_legacy,macro_recall_all_declared_legacy,macro_f1_all_declared_legacy,macro_precision_supported_classes,macro_recall_supported_classes,macro_f1_supported_classes,supported_class_count,declared_class_count,exact_match_ratio,sample_f1,tn,precision,recall,f1,specificity,false_positive_rate,accuracy,balanced_accuracy,mcc
SmartBugs-Curated,Qwen2.5-Coder-7B-Instruct,final_all,143,132,0.9230769230769231,39,0.2727272727272727,micro_f1,0.9605734767025089,0.0,134,2,9,0.9852941176470589,0.9370629370629371,0.9605734767025089,0.9825892857142857,0.8433760683760683,0.8728772534654887,0.9825892857142857,0.8433760683760683,0.8728772534654887,10,10,0.9300699300699301,0.9347319347319346,,,,,,,,,
SmartBugs-Curated,Qwen2.5-Coder-7B-Instruct,first_attempt_strict_all,143,132,0.9230769230769231,39,0.2727272727272727,micro_f1,0.9015151515151515,-0.05905832518735743,119,2,24,0.9834710743801653,0.8321678321678322,0.9015151515151515,0.9825892857142857,0.7861111111111111,0.8396489621489621,0.9825892857142857,0.7861111111111111,0.8396489621489621,10,10,0.8251748251748252,0.8298368298368298,,,,,,,,,
SmartBugs-Curated,Qwen2.5-Coder-7B-Instruct,all_recovery_as_empty,143,132,0.9230769230769231,39,0.2727272727272727,micro_f1,0.8931297709923665,-0.06744370571014247,117,2,26,0.9831932773109243,0.8181818181818182,0.8931297709923665,0.9824884792626728,0.7703853046594982,0.829219248493442,0.9824884792626728,0.7703853046594982,0.829219248493442,10,10,0.8111888111888111,0.8158508158508159,,,,,,,,,
SmartBugs-Curated,Qwen2.5-Coder-7B-Instruct,common_native_valid,39,132,0.9230769230769231,39,0.2727272727272727,micro_f1,0.961038961038961,0.0004654843364521044,37,1,2,0.9736842105263158,0.9487179487179487,0.961038961038961,0.7,0.6833333333333333,0.6909090909090909,0.875,0.8541666666666666,0.8636363636363636,8,10,0.9487179487179487,0.9487179487179487,,,,,,,,,
SmartBugs-Curated,Qwen2.5-Coder-7B-Instruct,selective_repair_as_empty_legacy,143,132,0.9230769230769231,39,0.2727272727272727,micro_f1,0.9605734767025089,0.0,134,2,9,0.9852941176470589,0.9370629370629371,0.9605734767025089,0.9825892857142857,0.8433760683760683,0.8728772534654887,0.9825892857142857,0.8433760683760683,0.8728772534654887,10,10,0.9300699300699301,0.9347319347319346,,,,,,,,,
SmartBugs-Curated,Qwen2.5-Coder-7B-Instruct,common_selective_untouched_legacy,132,132,0.9230769230769231,39,0.2727272727272727,micro_f1,0.9731800766283525,0.012606599925843565,127,2,5,0.9844961240310077,0.9621212121212122,0.9731800766283525,0.8825892857142857,0.8366666666666667,0.850381108940263,0.8825892857142857,0.8366666666666667,0.850381108940263,10,10,0.9545454545454546,0.9595959595959597,,,,,,,,,
SmartBugs-Curated,CodeLlama-7B-Instruct,final_all,143,132,0.9230769230769231,39,0.2727272727272727,micro_f1,0.6700507614213198,0.0,132,119,11,0.5258964143426295,0.9230769230769231,0.6700507614213198,0.42146962841080493,0.8031623931623931,0.5414845094664372,0.42146962841080493,0.8031623931623931,0.5414845094664372,10,10,0.5944055944055944,0.7855054036872219,,,,,,,,,
SmartBugs-Curated,CodeLlama-7B-Instruct,first_attempt_strict_all,143,132,0.9230769230769231,39,0.2727272727272727,micro_f1,0.35833333333333334,-0.31171742808798647,43,54,100,0.44329896907216493,0.3006993006993007,0.35833333333333334,0.37173992673992673,0.2594327267714364,0.2986644627374391,0.37173992673992673,0.2594327267714364,0.2986644627374391,10,10,0.0979020979020979,0.22388217842763297,,,,,,,,,
SmartBugs-Curated,CodeLlama-7B-Instruct,all_recovery_as_empty,143,132,0.9230769230769231,39,0.2727272727272727,micro_f1,0.358974358974359,-0.31107640244696083,42,49,101,0.46153846153846156,0.2937062937062937,0.358974358974359,0.3823543123543124,0.24693272677143643,0.29240163345426506,0.3823543123543124,0.24693272677143643,0.29240163345426506,10,10,0.0979020979020979,0.22038567493112948,,,,,,,,,
SmartBugs-Curated,CodeLlama-7B-Instruct,common_native_valid,39,132,0.9230769230769231,39,0.2727272727272727,micro_f1,0.6542056074766355,-0.01584515394468433,35,33,4,0.5147058823529411,0.8974358974358975,0.6542056074766355,0.4822434875066454,0.64,0.5380128205128205,0.6028043593833068,0.8,0.6725160256410256,8,10,0.3076923076923077,0.6837606837606837,,,,,,,,,
SmartBugs-Curated,CodeLlama-7B-Instruct,selective_repair_as_empty_legacy,143,132,0.9230769230769231,39,0.2727272727272727,micro_f1,0.7005649717514124,0.030514210330092606,124,87,19,0.5876777251184834,0.8671328671328671,0.7005649717514124,0.4859246533879972,0.724957264957265,0.5759959939525017,0.4859246533879972,0.724957264957265,0.5759959939525017,10,10,0.5734265734265734,0.7513880059334606,,,,,,,,,
SmartBugs-Curated,CodeLlama-7B-Instruct,common_selective_untouched_legacy,132,132,0.9230769230769231,39,0.2727272727272727,micro_f1,0.7230320699708455,0.05298130854952565,124,87,8,0.5876777251184834,0.9393939393939394,0.7230320699708455,0.4859246533879972,0.828888888888889,0.5881618502108608,0.4859246533879972,0.828888888888889,0.5881618502108608,10,10,0.6212121212121212,0.8140036730945822,,,,,,,,,
SmartBugs-Curated,Mistral-7B-Instruct-v0.3,final_all,143,132,0.9230769230769231,39,0.2727272727272727,micro_f1,0.9121621621621622,0.0,135,18,8,0.8823529411764706,0.9440559440559441,0.9121621621621622,0.7814713064713065,0.8536324786324787,0.8122037293881954,0.7814713064713065,0.8536324786324787,0.8122037293881954,10,10,0.9090909090909091,0.9286713286713287,,,,,,,,,
SmartBugs-Curated,Mistral-7B-Instruct-v0.3,first_attempt_strict_all,143,132,0.9230769230769231,39,0.2727272727272727,micro_f1,0.875968992248062,-0.036193169914100154,113,2,30,0.9826086956521739,0.7902097902097902,0.875968992248062,0.89375,0.7011759029500965,0.776408587704472,0.89375,0.7011759029500965,0.776408587704472,10,10,0.7902097902097902,0.7902097902097902,,,,,,,,,
SmartBugs-Curated,Mistral-7B-Instruct-v0.3,all_recovery_as_empty,143,132,0.9230769230769231,39,0.2727272727272727,micro_f1,0.875968992248062,-0.036193169914100154,113,2,30,0.9826086956521739,0.7902097902097902,0.875968992248062,0.89375,0.7011759029500965,0.776408587704472,0.89375,0.7011759029500965,0.776408587704472,10,10,0.7902097902097902,0.7902097902097902,,,,,,,,,
SmartBugs-Curated,Mistral-7B-Instruct-v0.3,common_native_valid,39,132,0.9230769230769231,39,0.2727272727272727,micro_f1,1.0,0.08783783783783783,39,0,0,1.0,1.0,1.0,0.8,0.8,0.8,1.0,1.0,1.0,8,10,1.0,1.0,,,,,,,,,
SmartBugs-Curated,Mistral-7B-Instruct-v0.3,selective_repair_as_empty_legacy,143,132,0.9230769230769231,39,0.2727272727272727,micro_f1,0.9121621621621622,0.0,135,18,8,0.8823529411764706,0.9440559440559441,0.9121621621621622,0.7814713064713065,0.8536324786324787,0.8122037293881954,0.7814713064713065,0.8536324786324787,0.8122037293881954,10,10,0.9090909090909091,0.9286713286713287,,,,,,,,,
SmartBugs-Curated,Mistral-7B-Instruct-v0.3,common_selective_untouched_legacy,132,132,0.9230769230769231,39,0.2727272727272727,micro_f1,0.9304029304029304,0.018240768240768257,127,14,5,0.900709219858156,0.9621212121212122,0.9304029304029304,0.7738888888888888,0.8866666666666667,0.8174189730369505,0.7738888888888888,0.8866666666666667,0.8174189730369505,10,10,0.9318181818181818,0.947979797979798,,,,,,,,,
ScrawlD,Qwen2.5-Coder-7B-Instruct,final_all,5664,5427,0.958156779661017,42,0.007415254237288136,micro_f1,0.012268402603905859,0.0,49,359,7531,0.12009803921568628,0.006464379947229552,0.012268402603905859,0.18353830782320485,0.1224715937505406,0.03818992713057562,0.20975806608366268,0.13996753571490356,0.043645631006372136,7,8,0.005296610169491525,0.0071445386064030135,,,,,,,,,
ScrawlD,Qwen2.5-Coder-7B-Instruct,first_attempt_strict_all,5664,5427,0.958156779661017,42,0.007415254237288136,micro_f1,0.0005274957140973229,-0.011740906889808536,2,1,7578,0.6666666666666666,0.0002638522427440633,0.0005274957140973229,0.125,0.00014740566037735848,0.0002944640753828033,0.14285714285714285,0.00016846361185983826,0.00033653037186606087,7,8,0.00017655367231638418,0.00026483050847457627,,,,,,,,,
ScrawlD,Qwen2.5-Coder-7B-Instruct,all_recovery_as_empty,5664,5427,0.958156779661017,42,0.007415254237288136,micro_f1,0.0005274957140973229,-0.011740906889808536,2,1,7578,0.6666666666666666,0.0002638522427440633,0.0005274957140973229,0.125,0.00014740566037735848,0.0002944640753828033,0.14285714285714285,0.00016846361185983826,0.00033653037186606087,7,8,0.00017655367231638418,0.00026483050847457627,,,,,,,,,
ScrawlD,Qwen2.5-Coder-7B-Instruct,common_native_valid,42,5427,0.958156779661017,42,0.007415254237288136,micro_f1,0.0,-0.012268402603905859,0,0,51,0.0,0.0,0.0,0.0,0.0,0.0,0.0,0.0,0.0,4,8,0.0,0.0,,,,,,,,,
ScrawlD,Qwen2.5-Coder-7B-Instruct,selective_repair_as_empty_legacy,5664,5427,0.958156779661017,42,0.007415254237288136,micro_f1,0.011033099297893681,-0.0012353033060121775,44,352,7536,0.1111111111111111,0.005804749340369393,0.011033099297893681,0.17992469645787723,0.12211196670196187,0.038330940626596796,0.20562822452328827,0.13955653337367072,0.04380678928753919,7,8,0.004590395480225989,0.006320621468926553,,,,,,,,,
ScrawlD,Qwen2.5-Coder-7B-Instruct,common_selective_untouched_legacy,5427,5427,0.958156779661017,42,0.007415254237288136,micro_f1,0.011554621848739496,-0.0007137807551663624,44,352,7176,0.1111111111111111,0.006094182825484765,0.011554621848739496,0.17992469645787723,0.12242926213850676,0.03881296600097924,0.20562822452328827,0.13991915672972202,0.04435767542969056,7,8,0.004790860512253547,0.006596646397641422,,,,,,,,,
ScrawlD,CodeLlama-7B-Instruct,final_all,5664,5427,0.958156779661017,42,0.007415254237288136,micro_f1,0.10827430955910614,0.0,986,9647,6594,0.09273017962945547,0.13007915567282322,0.10827430955910614,0.1752854137418452,0.23872807626450124,0.09417694700848149,0.20032618713353736,0.27283208715942997,0.10763079658112171,7,8,0.0049435028248587575,0.06687031483111991,,,,,,,,,
ScrawlD,CodeLlama-7B-Instruct,first_attempt_strict_all,5664,5427,0.958156779661017,42,0.007415254237288136,micro_f1,0.10038098393241676,-0.007893325626689374,606,3888,6974,0.1348464619492657,0.07994722955145118,0.10038098393241676,0.16716546539365643,0.08929062638791191,0.07067715893196064,0.19104624616417878,0.10204643015761361,0.08077389592224073,7,8,0.0015889830508474577,0.03697819855129177,,,,,,,,,
ScrawlD,CodeLlama-7B-Instruct,all_recovery_as_empty,5664,5427,0.958156779661017,42,0.007415254237288136,micro_f1,0.04485902945183943,-0.06341528010726671,214,1747,7366,0.10912799592044875,0.028232189973614777,0.04485902945183943,0.14943323638867598,0.0484237822541828,0.030544768332136454,0.17078084158705825,0.05534146543335177,0.0349083066652988,7,8,0.0005296610169491525,0.01189877487546979,,,,,,,,,
ScrawlD,CodeLlama-7B-Instruct,common_native_valid,42,5427,0.958156779661017,42,0.007415254237288136,micro_f1,0.03636363636363636,-0.07191067319546977,2,57,49,0.03389830508474576,0.0392156862745098,0.03636363636363636,0.08333333333333333,0.025,0.038461538461538464,0.16666666666666666,0.05,0.07692307692307693,4,8,0.0,0.021825396825396824,,,,,,,,,
ScrawlD,CodeLlama-7B-Instruct,selective_repair_as_empty_legacy,5664,5427,0.958156779661017,42,0.007415254237288136,micro_f1,0.10812592714686006,-0.00014838241224607307,984,9637,6596,0.09264664344223708,0.12981530343007916,0.10812592714686006,0.17535228286537127,0.23846324193584162,0.09403344163636272,0.20040260898899573,0.27252941935524755,0.1074667904415574,7,8,0.0049435028248587575,0.06679969336219337,,,,,,,,,
ScrawlD,CodeLlama-7B-Instruct,common_selective_untouched_legacy,5427,5427,0.958156779661017,42,0.007415254237288136,micro_f1,0.1017665355948119,-0.006507773964294236,867,8952,6353,0.08829819737244118,0.12008310249307479,0.1017665355948119,0.17356457358618424,0.23171791178790535,0.08918577540783498,0.19835951266992485,0.26482047061474895,0.10192660046609713,7,8,0.005159388243965358,0.06297463566673075,,,,,,,,,
ScrawlD,Mistral-7B-Instruct-v0.3,final_all,5664,5427,0.958156779661017,42,0.007415254237288136,micro_f1,0.0791820418204182,0.0,515,4913,7065,0.09487840825350037,0.0679419525065963,0.0791820418204182,0.11924404011350187,0.09630513432208616,0.06589864717968631,0.13627890298685927,0.11006301065381276,0.07531273963392722,7,8,0.013241525423728813,0.053635744552058114,,,,,,,,,
ScrawlD,Mistral-7B-Instruct-v0.3,first_attempt_strict_all,5664,5427,0.958156779661017,42,0.007415254237288136,micro_f1,0.0035582666158342864,-0.07562377520458391,14,275,7566,0.04844290657439446,0.0018469656992084432,0.0035582666158342864,0.18315018315018314,0.002047637411608431,0.003919398870872555,0.20931449502878072,0.0023401570418382068,0.0044793129952829195,7,8,0.001059322033898305,0.0019126647834274953,,,,,,,,,
ScrawlD,Mistral-7B-Instruct-v0.3,all_recovery_as_empty,5664,5427,0.958156779661017,42,0.007415254237288136,micro_f1,0.002056555269922879,-0.07712548655049532,8,192,7572,0.04,0.0010554089709762533,0.002056555269922879,0.17857142857142858,0.0010570716347228309,0.002067147430111797,0.20408163265306123,0.0012080818682546639,0.002362454205842054,7,8,0.0007062146892655367,0.0011475988700564972,,,,,,,,,
ScrawlD,Mistral-7B-Instruct-v0.3,common_native_valid,42,5427,0.958156779661017,42,0.007415254237288136,micro_f1,0.022222222222222223,-0.056959819598195974,1,38,50,0.02564102564102564,0.0196078431372549,0.022222222222222223,0.03125,0.025,0.027777777777777776,0.0625,0.05,0.05555555555555555,4,8,0.0,0.011904761904761904,,,,,,,,,
ScrawlD,Mistral-7B-Instruct-v0.3,selective_repair_as_empty_legacy,5664,5427,0.958156779661017,42,0.007415254237288136,micro_f1,0.0791820418204182,0.0,515,4913,7065,0.09487840825350037,0.0679419525065963,0.0791820418204182,0.11924404011350187,0.09630513432208616,0.06589864717968631,0.13627890298685927,0.11006301065381276,0.07531273963392722,7,8,0.013241525423728813,0.053635744552058114,,,,,,,,,
ScrawlD,Mistral-7B-Instruct-v0.3,common_selective_untouched_legacy,5427,5427,0.958156779661017,42,0.007415254237288136,micro_f1,0.07446808510638298,-0.004713956714035225,455,4545,6765,0.091,0.06301939058171745,0.07446808510638298,0.11654598747206098,0.0918179889963784,0.06283804155676781,0.13319541425378398,0.1049348445672896,0.07181490463630606,7,8,0.013451262207481112,0.05115077171461914,,,,,,,,,
BCCC,Qwen2.5-Coder-7B-Instruct,final_all,19512,17805,0.9125153751537516,120,0.006150061500615006,balanced_accuracy,0.49989749897498975,0.0,552,554,9204,,,,,,,,,,,,,,9202,0.49909584086799275,0.056580565805658053,0.10163874056343215,0.9432144321443214,0.05678556785567856,0.49989749897498975,0.49989749897498975,-0.00044327447420551536
BCCC,Qwen2.5-Coder-7B-Instruct,first_attempt_strict_all,19512,17805,0.9125153751537516,120,0.006150061500615006,balanced_accuracy,0.49989749897498975,0.0,2,4,9754,,,,,,,,,,,,,,9752,0.3333333333333333,0.0002050020500205002,0.0004097520999795124,0.999589995899959,0.0004100041000410004,0.49989749897498975,0.49989749897498975,-0.005846154122894876
BCCC,Qwen2.5-Coder-7B-Instruct,all_recovery_as_empty,19512,17805,0.9125153751537516,120,0.006150061500615006,balanced_accuracy,0.49989749897498975,0.0,2,4,9754,,,,,,,,,,,,,,9752,0.3333333333333333,0.0002050020500205002,0.0004097520999795124,0.999589995899959,0.0004100041000410004,0.49989749897498975,0.49989749897498975,-0.005846154122894876
BCCC,Qwen2.5-Coder-7B-Instruct,common_native_valid,120,17805,0.9125153751537516,120,0.006150061500615006,balanced_accuracy,0.5,0.00010250102501024871,0,0,45,,,,,,,,,,,,,,75,0.0,0.0,0.0,1.0,0.0,0.625,0.5,0.0
BCCC,Qwen2.5-Coder-7B-Instruct,selective_repair_as_empty_legacy,19512,17805,0.9125153751537516,120,0.006150061500615006,balanced_accuracy,0.49989749897498975,0.0,2,4,9754,,,,,,,,,,,,,,9752,0.3333333333333333,0.0002050020500205002,0.0004097520999795124,0.999589995899959,0.0004100041000410004,0.49989749897498975,0.49989749897498975,-0.005846154122894876
BCCC,Qwen2.5-Coder-7B-Instruct,common_selective_untouched_legacy,17805,17805,0.9125153751537516,120,0.006150061500615006,balanced_accuracy,0.49989146237022714,-6.036604762615916e-06,2,4,8800,,,,,,,,,,,,,,8999,0.3333333333333333,0.00022722108611679165,0.00045413260672116256,0.9995557036543374,0.0004442963456625569,0.5055321538893569,0.49989146237022714,-0.00591318149899566
BCCC,CodeLlama-7B-Instruct,final_all,19512,17805,0.9125153751537516,120,0.006150061500615006,balanced_accuracy,0.5017937679376794,0.0,9738,9703,18,,,,,,,,,,,,,,53,0.5009001594568181,0.9981549815498155,0.6670548344007946,0.005432554325543256,0.9945674456744568,0.5017937679376794,0.5017937679376794,0.029790621923843075
BCCC,CodeLlama-7B-Instruct,first_attempt_strict_all,19512,17805,0.9125153751537516,120,0.006150061500615006,balanced_accuracy,0.5458692086920869,0.0440754407544075,3010,2115,6746,,,,,,,,,,,,,,7641,0.5873170731707317,0.3085280852808528,0.40454270546334253,0.783210332103321,0.21678966789667897,0.5458692086920869,0.5458692086920869,0.10422957781556616
BCCC,CodeLlama-7B-Instruct,all_recovery_as_empty,19512,17805,0.9125153751537516,120,0.006150061500615006,balanced_accuracy,0.4891348913489135,-0.012658876588765855,805,1017,8951,,,,,,,,,,,,,,8739,0.44182217343578484,0.08251332513325134,0.13905683192261184,0.8957564575645757,0.10424354243542436,0.48913489134891347,0.4891348913489135,-0.0373420157816339
BCCC,CodeLlama-7B-Instruct,common_native_valid,120,17805,0.9125153751537516,120,0.006150061500615006,balanced_accuracy,0.6288888888888888,0.12709512095120945,38,44,7,,,,,,,,,,,,,,31,0.4634146341463415,0.8444444444444444,0.5984251968503937,0.41333333333333333,0.5866666666666667,0.575,0.6288888888888888,0.26827712251138136
BCCC,CodeLlama-7B-Instruct,selective_repair_as_empty_legacy,19512,17805,0.9125153751537516,120,0.006150061500615006,balanced_accuracy,0.5015887658876589,-0.00020500205002049743,9721,9690,35,,,,,,,,,,,,,,66,0.5007985163051878,0.9964124641246412,0.6665752391401241,0.006765067650676507,0.9932349323493235,0.5015887658876589,0.5015887658876589,0.022139971227552558
BCCC,CodeLlama-7B-Instruct,common_selective_untouched_legacy,17805,17805,0.9125153751537516,120,0.006150061500615006,balanced_accuracy,0.5018654313592811,7.166342160169759e-05,8784,8951,18,,,,,,,,,,,,,,52,0.4952917958838455,0.9979550102249489,0.6620190677167728,0.00577585249361324,0.9942241475063868,0.4962650940746981,0.5018654313592811,0.02980773384566305
BCCC,Mistral-7B-Instruct-v0.3,final_all,19512,17805,0.9125153751537516,120,0.006150061500615006,balanced_accuracy,0.5201927019270193,0.0,8499,8105,1257,,,,,,,,,,,,,,1651,0.5118646109371235,0.8711562115621156,0.6448406676783005,0.16922919229192293,0.8307708077080771,0.5201927019270193,0.5201927019270193,0.05670125328985323
BCCC,Mistral-7B-Instruct-v0.3,first_attempt_strict_all,19512,17805,0.9125153751537516,120,0.006150061500615006,balanced_accuracy,0.5011787617876179,-0.019013940139401386,622,599,9134,,,,,,,,,,,,,,9157,0.5094185094185094,0.06375563755637556,0.11332786735902341,0.9386018860188602,0.06139811398113981,0.5011787617876179,0.5011787617876179,0.004866887182868528
BCCC,Mistral-7B-Instruct-v0.3,all_recovery_as_empty,19512,17805,0.9125153751537516,120,0.006150061500615006,balanced_accuracy,0.49359368593685937,-0.026599015990159902,277,402,9479,,,,,,,,,,,,,,9354,0.40795287187039764,0.02839278392783928,0.053090560613320556,0.9587945879458795,0.04120541205412054,0.49359368593685937,0.49359368593685937,-0.034955488252884345
BCCC,Mistral-7B-Instruct-v0.3,common_native_valid,120,17805,0.9125153751537516,120,0.006150061500615006,balanced_accuracy,0.6644444444444444,0.14425174251742512,34,32,11,,,,,,,,,,,,,,43,0.5151515151515151,0.7555555555555555,0.6126126126126126,0.5733333333333334,0.4266666666666667,0.6416666666666667,0.6644444444444444,0.32004956593307055
BCCC,Mistral-7B-Instruct-v0.3,selective_repair_as_empty_legacy,19512,17805,0.9125153751537516,120,0.006150061500615006,balanced_accuracy,0.5201927019270193,0.0,8499,8105,1257,,,,,,,,,,,,,,1651,0.5118646109371235,0.8711562115621156,0.6448406676783005,0.16922919229192293,0.8307708077080771,0.5201927019270193,0.5201927019270193,0.05670125328985323
BCCC,Mistral-7B-Instruct-v0.3,common_selective_untouched_legacy,17805,17805,0.9125153751537516,120,0.006150061500615006,balanced_accuracy,0.5193978361071947,-0.000794865819824575,7588,7412,1214,,,,,,,,,,,,,,1591,0.5058666666666667,0.8620768007271075,0.6375934795395345,0.17671887148728202,0.823281128512718,0.5155293456894131,0.5193978361071947,0.053242142832485614
