dataset,model,records_total,records_touched,records_touched_rate,records_any_recovery,records_any_recovery_rate,records_first_attempt_native_valid,records_first_attempt_native_valid_rate,chunk_format_retry_actions,records_with_inference,records_with_structural_repair,chunk_inference_actions,chunk_structural_actions,chunk_already_valid_actions,final_ok_records,source_jsonl
SmartBugs-Curated,Qwen2.5-Coder-7B-Instruct,143,0,0.0,21,0.14685314685314685,122,0.8531468531468531,21,0,0,0,0,160,143,results/final_benchmark/smartbugs/results_Qwen_Qwen2.5-Coder-7B-Instruct_c03e6d358207_smartbugs.jsonl
SmartBugs-Curated,CodeLlama-7B-Instruct,143,11,0.07692307692307693,96,0.6713286713286714,47,0.32867132867132864,116,11,0,11,0,156,143,results/final_benchmark/smartbugs/results_codellama_CodeLlama-7b-Instruct-hf_22cb240e0292_smartbugs.jsonl
SmartBugs-Curated,Mistral-7B-Instruct-v0.3,143,0,0.0,28,0.1958041958041958,115,0.8041958041958042,50,0,0,0,0,166,143,results/final_benchmark/smartbugs/results_mistralai_Mistral-7B-Instruct-v0.3_c170c708c41d_smartbugs.jsonl
ScrawlD,Qwen2.5-Coder-7B-Instruct,5664,234,0.0413135593220339,2001,0.3532838983050847,3663,0.6467161016949152,10514,234,0,267,0,15920,5664,results/final_benchmark/scrawld/results_Qwen_Qwen2.5-Coder-7B-Instruct_c03e6d358207_scrawld.jsonl
ScrawlD,CodeLlama-7B-Instruct,5664,3,0.0005296610169491525,4899,0.8649364406779662,765,0.1350635593220339,10747,3,0,3,0,17870,5664,results/final_benchmark/scrawld/results_codellama_CodeLlama-7b-Instruct-hf_22cb240e0292_scrawld.jsonl
ScrawlD,Mistral-7B-Instruct-v0.3,5664,0,0.0,5454,0.9629237288135594,210,0.037076271186440676,17379,0,0,0,0,17742,5664,results/final_benchmark/scrawld/results_mistralai_Mistral-7B-Instruct-v0.3_c170c708c41d_scrawld.jsonl
BCCC,Qwen2.5-Coder-7B-Instruct,19512,1687,0.08645961459614596,6670,0.34184091840918407,12842,0.6581590815908159,10243,741,988,886,995,30376,19512,results/final_benchmark/bccc/results_Qwen_Qwen2.5-Coder-7B-Instruct_c03e6d358207_bccc.jsonl
BCCC,CodeLlama-7B-Instruct,19512,30,0.0015375153751537515,17619,0.9029827798277983,1893,0.09701722017220173,30328,30,0,32,0,37157,19512,results/final_benchmark/bccc/results_codellama_CodeLlama-7b-Instruct-hf_22cb240e0292_bccc.jsonl
BCCC,Mistral-7B-Instruct-v0.3,19512,0,0.0,18748,0.9608446084460844,764,0.039155391553915536,35207,0,0,0,0,36738,19512,results/final_benchmark/bccc/results_mistralai_Mistral-7B-Instruct-v0.3_c170c708c41d_bccc.jsonl
