class,tp,fp,fn,precision,recall,f1,support,dataset,system_type,system,evaluation_source,metric_defined,precision_report,recall_report,f1_report,zero_support_false_positive_records
access_control,16,0,2,1.0,0.8888888888888888,0.9411764705882353,18,SmartBugs-Curated,code_llm,Qwen2.5-Coder-7B-Instruct,manifest_backed_jsonl,True,1.0,0.8888888888888888,0.9411764705882353,0
arithmetic,15,0,0,1.0,1.0,1.0,15,SmartBugs-Curated,code_llm,Qwen2.5-Coder-7B-Instruct,manifest_backed_jsonl,True,1.0,1.0,1.0,0
bad_randomness,8,0,0,1.0,1.0,1.0,8,SmartBugs-Curated,code_llm,Qwen2.5-Coder-7B-Instruct,manifest_backed_jsonl,True,1.0,1.0,1.0,0
denial_of_service,6,1,0,0.8571428571428571,1.0,0.9230769230769231,6,SmartBugs-Curated,code_llm,Qwen2.5-Coder-7B-Instruct,manifest_backed_jsonl,True,0.8571428571428571,1.0,0.9230769230769231,0
other,1,0,2,1.0,0.3333333333333333,0.5,3,SmartBugs-Curated,code_llm,Qwen2.5-Coder-7B-Instruct,manifest_backed_jsonl,True,1.0,0.3333333333333333,0.5,0
reentrancy,31,1,0,0.96875,1.0,0.9841269841269841,31,SmartBugs-Curated,code_llm,Qwen2.5-Coder-7B-Instruct,manifest_backed_jsonl,True,0.96875,1.0,0.9841269841269841,0
short_addresses,1,0,0,1.0,1.0,1.0,1,SmartBugs-Curated,code_llm,Qwen2.5-Coder-7B-Instruct,manifest_backed_jsonl,True,1.0,1.0,1.0,0
time_manipulation,5,0,0,1.0,1.0,1.0,5,SmartBugs-Curated,code_llm,Qwen2.5-Coder-7B-Instruct,manifest_backed_jsonl,True,1.0,1.0,1.0,0
transaction_ordering,1,0,3,1.0,0.25,0.4,4,SmartBugs-Curated,code_llm,Qwen2.5-Coder-7B-Instruct,manifest_backed_jsonl,True,1.0,0.25,0.4,0
unchecked_low_level_calls,50,0,2,1.0,0.9615384615384616,0.9803921568627451,52,SmartBugs-Curated,code_llm,Qwen2.5-Coder-7B-Instruct,manifest_backed_jsonl,True,1.0,0.9615384615384616,0.9803921568627451,0
access_control,17,13,1,0.5666666666666667,0.9444444444444444,0.7083333333333334,18,SmartBugs-Curated,code_llm,CodeLlama-7B-Instruct,manifest_backed_jsonl,True,0.5666666666666667,0.9444444444444444,0.7083333333333334,0
arithmetic,14,11,1,0.56,0.9333333333333333,0.7,15,SmartBugs-Curated,code_llm,CodeLlama-7B-Instruct,manifest_backed_jsonl,True,0.56,0.9333333333333333,0.7,0
bad_randomness,8,5,0,0.6153846153846154,1.0,0.7619047619047619,8,SmartBugs-Curated,code_llm,CodeLlama-7B-Instruct,manifest_backed_jsonl,True,0.6153846153846154,1.0,0.7619047619047619,0
denial_of_service,6,9,0,0.4,1.0,0.5714285714285714,6,SmartBugs-Curated,code_llm,CodeLlama-7B-Instruct,manifest_backed_jsonl,True,0.4,1.0,0.5714285714285714,0
other,3,10,0,0.23076923076923078,1.0,0.375,3,SmartBugs-Curated,code_llm,CodeLlama-7B-Instruct,manifest_backed_jsonl,True,0.23076923076923078,1.0,0.375,0
reentrancy,31,21,0,0.5961538461538461,1.0,0.7469879518072289,31,SmartBugs-Curated,code_llm,CodeLlama-7B-Instruct,manifest_backed_jsonl,True,0.5961538461538461,1.0,0.7469879518072289,0
short_addresses,0,14,1,0.0,0.0,0.0,1,SmartBugs-Curated,code_llm,CodeLlama-7B-Instruct,manifest_backed_jsonl,True,0.0,0.0,0.0,0
time_manipulation,5,6,0,0.45454545454545453,1.0,0.625,5,SmartBugs-Curated,code_llm,CodeLlama-7B-Instruct,manifest_backed_jsonl,True,0.45454545454545453,1.0,0.625,0
transaction_ordering,1,9,3,0.1,0.25,0.14285714285714285,4,SmartBugs-Curated,code_llm,CodeLlama-7B-Instruct,manifest_backed_jsonl,True,0.1,0.25,0.14285714285714285,0
unchecked_low_level_calls,47,21,5,0.6911764705882353,0.9038461538461539,0.7833333333333333,52,SmartBugs-Curated,code_llm,CodeLlama-7B-Instruct,manifest_backed_jsonl,True,0.6911764705882353,0.9038461538461539,0.7833333333333333,0
access_control,16,2,2,0.8888888888888888,0.8888888888888888,0.8888888888888888,18,SmartBugs-Curated,code_llm,Mistral-7B-Instruct-v0.3,manifest_backed_jsonl,True,0.8888888888888888,0.8888888888888888,0.8888888888888888,0
arithmetic,15,5,0,0.75,1.0,0.8571428571428571,15,SmartBugs-Curated,code_llm,Mistral-7B-Instruct-v0.3,manifest_backed_jsonl,True,0.75,1.0,0.8571428571428571,0
bad_randomness,8,0,0,1.0,1.0,1.0,8,SmartBugs-Curated,code_llm,Mistral-7B-Instruct-v0.3,manifest_backed_jsonl,True,1.0,1.0,1.0,0
denial_of_service,6,0,0,1.0,1.0,1.0,6,SmartBugs-Curated,code_llm,Mistral-7B-Instruct-v0.3,manifest_backed_jsonl,True,1.0,1.0,1.0,0
other,2,1,1,0.6666666666666666,0.6666666666666666,0.6666666666666666,3,SmartBugs-Curated,code_llm,Mistral-7B-Instruct-v0.3,manifest_backed_jsonl,True,0.6666666666666666,0.6666666666666666,0.6666666666666666,0
reentrancy,31,8,0,0.7948717948717948,1.0,0.8857142857142857,31,SmartBugs-Curated,code_llm,Mistral-7B-Instruct-v0.3,manifest_backed_jsonl,True,0.7948717948717948,1.0,0.8857142857142857,0
short_addresses,1,0,0,1.0,1.0,1.0,1,SmartBugs-Curated,code_llm,Mistral-7B-Instruct-v0.3,manifest_backed_jsonl,True,1.0,1.0,1.0,0
time_manipulation,5,2,0,0.7142857142857143,1.0,0.8333333333333334,5,SmartBugs-Curated,code_llm,Mistral-7B-Instruct-v0.3,manifest_backed_jsonl,True,0.7142857142857143,1.0,0.8333333333333334,0
transaction_ordering,0,0,4,0.0,0.0,0.0,4,SmartBugs-Curated,code_llm,Mistral-7B-Instruct-v0.3,manifest_backed_jsonl,True,0.0,0.0,0.0,0
unchecked_low_level_calls,51,0,1,1.0,0.9807692307692307,0.9902912621359223,52,SmartBugs-Curated,code_llm,Mistral-7B-Instruct-v0.3,manifest_backed_jsonl,True,1.0,0.9807692307692307,0.9902912621359223,0
arithmetic,19,2,3937,0.9047619047619048,0.004802831142568251,0.009554940910233845,3956,ScrawlD,code_llm,Qwen2.5-Coder-7B-Instruct,manifest_backed_jsonl,True,0.9047619047619048,0.004802831142568251,0.009554940910233845,0
denial_of_service,0,1,0,0.0,0.0,0.0,0,ScrawlD,code_llm,Qwen2.5-Coder-7B-Instruct,manifest_backed_jsonl,False,,,,1
locked_ether,7,31,1689,0.18421052631578946,0.004127358490566038,0.008073817762399077,1696,ScrawlD,code_llm,Qwen2.5-Coder-7B-Instruct,manifest_backed_jsonl,True,0.18421052631578946,0.004127358490566038,0.008073817762399077,0
reentrancy,11,106,643,0.09401709401709402,0.016819571865443424,0.028534370946822308,654,ScrawlD,code_llm,Qwen2.5-Coder-7B-Instruct,manifest_backed_jsonl,True,0.09401709401709402,0.016819571865443424,0.028534370946822308,0
time_manipulation,3,19,142,0.13636363636363635,0.020689655172413793,0.03592814371257485,145,ScrawlD,code_llm,Qwen2.5-Coder-7B-Instruct,manifest_backed_jsonl,True,0.13636363636363635,0.020689655172413793,0.03592814371257485,0
transaction_ordering,0,1,1106,0.0,0.0,0.0,1106,ScrawlD,code_llm,Qwen2.5-Coder-7B-Instruct,manifest_backed_jsonl,True,0.0,0.0,0.0,0
tx_origin,3,159,2,0.018518518518518517,0.6,0.03592814371257485,5,ScrawlD,code_llm,Qwen2.5-Coder-7B-Instruct,manifest_backed_jsonl,True,0.018518518518518517,0.6,0.03592814371257485,0
unchecked_low_level_calls,6,40,12,0.13043478260869565,0.3333333333333333,0.1875,18,ScrawlD,code_llm,Qwen2.5-Coder-7B-Instruct,manifest_backed_jsonl,True,0.13043478260869565,0.3333333333333333,0.1875,0
arithmetic,2954,771,1002,0.793020134228188,0.7467138523761375,0.7691706809009243,3956,ScrawlD,static_baseline,mythril,,True,0.793020134228188,0.7467138523761375,0.7691706809009243,0
denial_of_service,0,797,0,0.0,0.0,0.0,0,ScrawlD,static_baseline,mythril,,False,,,,797
locked_ether,0,0,1696,0.0,0.0,0.0,1696,ScrawlD,static_baseline,mythril,,True,0.0,0.0,0.0,0
reentrancy,648,1925,6,0.2518460940536339,0.9908256880733946,0.4016114037806012,654,ScrawlD,static_baseline,mythril,,True,0.2518460940536339,0.9908256880733946,0.4016114037806012,0
time_manipulation,142,890,3,0.1375968992248062,0.9793103448275862,0.2412914188615123,145,ScrawlD,static_baseline,mythril,,True,0.1375968992248062,0.9793103448275862,0.2412914188615123,0
transaction_ordering,0,0,1106,0.0,0.0,0.0,1106,ScrawlD,static_baseline,mythril,,True,0.0,0.0,0.0,0
tx_origin,5,217,0,0.02252252252252252,1.0,0.04405286343612335,5,ScrawlD,static_baseline,mythril,,True,0.02252252252252252,1.0,0.04405286343612335,0
unchecked_low_level_calls,17,74,1,0.18681318681318682,0.9444444444444444,0.3119266055045872,18,ScrawlD,static_baseline,mythril,,True,0.18681318681318682,0.9444444444444444,0.3119266055045872,0
arithmetic,3467,733,489,0.8254761904761905,0.8763902932254802,0.8501716527709662,3956,ScrawlD,static_baseline,osiris,,True,0.8254761904761905,0.8763902932254802,0.8501716527709662,0
denial_of_service,0,0,0,0.0,0.0,0.0,0,ScrawlD,static_baseline,osiris,,False,,,,0
locked_ether,0,0,1696,0.0,0.0,0.0,1696,ScrawlD,static_baseline,osiris,,True,0.0,0.0,0.0,0
reentrancy,0,0,654,0.0,0.0,0.0,654,ScrawlD,static_baseline,osiris,,True,0.0,0.0,0.0,0
time_manipulation,0,0,145,0.0,0.0,0.0,145,ScrawlD,static_baseline,osiris,,True,0.0,0.0,0.0,0
transaction_ordering,0,0,1106,0.0,0.0,0.0,1106,ScrawlD,static_baseline,osiris,,True,0.0,0.0,0.0,0
tx_origin,0,0,5,0.0,0.0,0.0,5,ScrawlD,static_baseline,osiris,,True,0.0,0.0,0.0,0
unchecked_low_level_calls,0,0,18,0.0,0.0,0.0,18,ScrawlD,static_baseline,osiris,,True,0.0,0.0,0.0,0
arithmetic,3943,1395,13,0.7386661671037842,0.9967138523761375,0.8485044114482462,3956,ScrawlD,static_baseline,oyente,,True,0.7386661671037842,0.9967138523761375,0.8485044114482462,0
denial_of_service,0,0,0,0.0,0.0,0.0,0,ScrawlD,static_baseline,oyente,,False,,,,0
locked_ether,0,0,1696,0.0,0.0,0.0,1696,ScrawlD,static_baseline,oyente,,True,0.0,0.0,0.0,0
reentrancy,47,21,607,0.6911764705882353,0.07186544342507645,0.13019390581717452,654,ScrawlD,static_baseline,oyente,,True,0.6911764705882353,0.07186544342507645,0.13019390581717452,0
time_manipulation,74,260,71,0.2215568862275449,0.5103448275862069,0.3089770354906054,145,ScrawlD,static_baseline,oyente,,True,0.2215568862275449,0.5103448275862069,0.3089770354906054,0
transaction_ordering,1106,0,0,1.0,1.0,1.0,1106,ScrawlD,static_baseline,oyente,,True,1.0,1.0,1.0,0
tx_origin,0,0,5,0.0,0.0,0.0,5,ScrawlD,static_baseline,oyente,,True,0.0,0.0,0.0,0
unchecked_low_level_calls,0,0,18,0.0,0.0,0.0,18,ScrawlD,static_baseline,oyente,,True,0.0,0.0,0.0,0
arithmetic,0,0,3956,0.0,0.0,0.0,3956,ScrawlD,static_baseline,slither,,True,0.0,0.0,0.0,0
denial_of_service,0,0,0,0.0,0.0,0.0,0,ScrawlD,static_baseline,slither,,False,,,,0
locked_ether,1030,0,666,1.0,0.6073113207547169,0.7556859867938371,1696,ScrawlD,static_baseline,slither,,True,1.0,0.6073113207547169,0.7556859867938371,0
reentrancy,649,1418,5,0.31398161586840834,0.9923547400611621,0.47703050349136344,654,ScrawlD,static_baseline,slither,,True,0.31398161586840834,0.9923547400611621,0.47703050349136344,0
time_manipulation,144,1192,1,0.10778443113772455,0.993103448275862,0.19446320054017555,145,ScrawlD,static_baseline,slither,,True,0.10778443113772455,0.993103448275862,0.19446320054017555,0
transaction_ordering,0,0,1106,0.0,0.0,0.0,1106,ScrawlD,static_baseline,slither,,True,0.0,0.0,0.0,0
tx_origin,1,10,4,0.09090909090909091,0.2,0.125,5,ScrawlD,static_baseline,slither,,True,0.09090909090909091,0.2,0.125,0
unchecked_low_level_calls,18,608,0,0.02875399361022364,1.0,0.055900621118012424,18,ScrawlD,static_baseline,slither,,True,0.02875399361022364,1.0,0.055900621118012424,0
arithmetic,72,30,3884,0.7058823529411765,0.01820020222446916,0.03548546081813701,3956,ScrawlD,static_baseline,smartcheck,,True,0.7058823529411765,0.01820020222446916,0.03548546081813701,0
denial_of_service,0,82,0,0.0,0.0,0.0,0,ScrawlD,static_baseline,smartcheck,,False,,,,82
locked_ether,1012,0,684,1.0,0.5966981132075472,0.7474150664697193,1696,ScrawlD,static_baseline,smartcheck,,True,1.0,0.5966981132075472,0.7474150664697193,0
reentrancy,0,0,654,0.0,0.0,0.0,654,ScrawlD,static_baseline,smartcheck,,True,0.0,0.0,0.0,0
time_manipulation,0,3,145,0.0,0.0,0.0,145,ScrawlD,static_baseline,smartcheck,,True,0.0,0.0,0.0,0
transaction_ordering,0,0,1106,0.0,0.0,0.0,1106,ScrawlD,static_baseline,smartcheck,,True,0.0,0.0,0.0,0
tx_origin,5,37,0,0.11904761904761904,1.0,0.2127659574468085,5,ScrawlD,static_baseline,smartcheck,,True,0.11904761904761904,1.0,0.2127659574468085,0
unchecked_low_level_calls,16,151,2,0.09580838323353294,0.8888888888888888,0.17297297297297298,18,ScrawlD,static_baseline,smartcheck,,True,0.09580838323353294,0.8888888888888888,0.17297297297297298,0
arithmetic,289,161,3667,0.6422222222222222,0.07305358948432761,0.13118474807081254,3956,ScrawlD,code_llm,CodeLlama-7B-Instruct,manifest_backed_jsonl,True,0.6422222222222222,0.07305358948432761,0.13118474807081254,0
denial_of_service,0,660,0,0.0,0.0,0.0,0,ScrawlD,code_llm,CodeLlama-7B-Instruct,manifest_backed_jsonl,False,,,,660
locked_ether,217,411,1479,0.34554140127388533,0.12794811320754718,0.18674698795180722,1696,ScrawlD,code_llm,CodeLlama-7B-Instruct,manifest_backed_jsonl,True,0.34554140127388533,0.12794811320754718,0.18674698795180722,0
reentrancy,322,1783,332,0.15296912114014252,0.4923547400611621,0.23341790503805726,654,ScrawlD,code_llm,CodeLlama-7B-Instruct,manifest_backed_jsonl,True,0.15296912114014252,0.4923547400611621,0.23341790503805726,0
time_manipulation,15,533,130,0.02737226277372263,0.10344827586206896,0.04329004329004329,145,ScrawlD,code_llm,CodeLlama-7B-Instruct,manifest_backed_jsonl,True,0.02737226277372263,0.10344827586206896,0.04329004329004329,0
transaction_ordering,125,417,981,0.23062730627306274,0.11301989150090416,0.15169902912621358,1106,ScrawlD,code_llm,CodeLlama-7B-Instruct,manifest_backed_jsonl,True,0.23062730627306274,0.11301989150090416,0.15169902912621358,0
tx_origin,0,631,5,0.0,0.0,0.0,5,ScrawlD,code_llm,CodeLlama-7B-Instruct,manifest_backed_jsonl,True,0.0,0.0,0.0,0
unchecked_low_level_calls,18,5051,0,0.003550996251726179,1.0,0.007076862590918026,18,ScrawlD,code_llm,CodeLlama-7B-Instruct,manifest_backed_jsonl,True,0.003550996251726179,1.0,0.007076862590918026,0
arithmetic,123,177,3833,0.41,0.03109201213346815,0.05780075187969925,3956,ScrawlD,code_llm,Mistral-7B-Instruct-v0.3,manifest_backed_jsonl,True,0.41,0.03109201213346815,0.05780075187969925,0
denial_of_service,0,1,0,0.0,0.0,0.0,0,ScrawlD,code_llm,Mistral-7B-Instruct-v0.3,manifest_backed_jsonl,False,,,,1
locked_ether,2,14,1694,0.125,0.0011792452830188679,0.002336448598130841,1696,ScrawlD,code_llm,Mistral-7B-Instruct-v0.3,manifest_backed_jsonl,True,0.125,0.0011792452830188679,0.002336448598130841,0
reentrancy,182,826,472,0.18055555555555555,0.2782874617737003,0.2190132370637786,654,ScrawlD,code_llm,Mistral-7B-Instruct-v0.3,manifest_backed_jsonl,True,0.18055555555555555,0.2782874617737003,0.2190132370637786,0
time_manipulation,18,385,127,0.04466501240694789,0.12413793103448276,0.06569343065693431,145,ScrawlD,code_llm,Mistral-7B-Instruct-v0.3,manifest_backed_jsonl,True,0.04466501240694789,0.12413793103448276,0.06569343065693431,0
transaction_ordering,187,784,919,0.19258496395468588,0.16907775768535263,0.18006740491092924,1106,ScrawlD,code_llm,Mistral-7B-Instruct-v0.3,manifest_backed_jsonl,True,0.19258496395468588,0.16907775768535263,0.18006740491092924,0
tx_origin,0,113,5,0.0,0.0,0.0,5,ScrawlD,code_llm,Mistral-7B-Instruct-v0.3,manifest_backed_jsonl,True,0.0,0.0,0.0,0
unchecked_low_level_calls,3,2613,15,0.0011467889908256881,0.16666666666666666,0.002277904328018223,18,ScrawlD,code_llm,Mistral-7B-Instruct-v0.3,manifest_backed_jsonl,True,0.0011467889908256881,0.16666666666666666,0.002277904328018223,0
