dataset,system_type,system,evaluation_source,metric_scope,ground_truth_records,prediction_records,matched_records,missing_prediction_records,total_findings,out_of_taxonomy_findings,out_of_taxonomy_rate,micro_f1_ci95_lower,micro_f1_ci95_upper,all_predictions_empty,status_counts,ok_output_records,partial_output_records,failed_output_records,other_status_records,tp,fp,fn,micro_precision,micro_recall,micro_f1,macro_precision,macro_recall,macro_f1,exact_match_ratio,sample_f1,tn,precision,recall,f1,specificity,accuracy,macro_precision_all_declared_legacy,macro_recall_all_declared_legacy,macro_f1_all_declared_legacy,macro_precision_supported_classes,macro_recall_supported_classes,macro_f1_supported_classes,supported_class_count,declared_class_count,zero_support_classes
SmartBugs-Curated,code_llm,Qwen2.5-Coder-7B-Instruct,manifest_backed_jsonl,closed_taxonomy_all_manifest_records,143,143,143,0,136,0,0.0,0.9347826086956522,0.9823321554770318,False,"{""ok"": 143}",143,0,0,0,134,2,9,0.9852941176470589,0.9370629370629371,0.9605734767025089,0.9825892857142857,0.8433760683760683,0.8728772534654888,0.9300699300699301,0.9347319347319348,,,,,,,0.9825892857142857,0.8433760683760683,0.8728772534654888,0.9825892857142857,0.8433760683760683,0.8728772534654887,10,10,[]
SmartBugs-Curated,code_llm,CodeLlama-7B-Instruct,manifest_backed_jsonl,closed_taxonomy_all_manifest_records,143,143,143,0,251,0,0.0,0.5967365967365967,0.7513812154696132,False,"{""ok"": 143}",143,0,0,0,132,119,11,0.5258964143426295,0.9230769230769231,0.6700507614213198,0.42146962841080493,0.8031623931623931,0.5414845094664371,0.5944055944055944,0.785505403687222,,,,,,,0.42146962841080493,0.8031623931623931,0.5414845094664371,0.42146962841080493,0.8031623931623931,0.5414845094664372,10,10,[]
SmartBugs-Curated,code_llm,Mistral-7B-Instruct-v0.3,manifest_backed_jsonl,closed_taxonomy_all_manifest_records,143,143,143,0,153,0,0.0,0.8648648648648649,0.9550173010380623,False,"{""ok"": 143}",143,0,0,0,135,18,8,0.8823529411764706,0.9440559440559441,0.9121621621621622,0.7814713064713065,0.8536324786324785,0.8122037293881954,0.9090909090909091,0.9286713286713287,,,,,,,0.7814713064713065,0.8536324786324785,0.8122037293881954,0.7814713064713065,0.8536324786324787,0.8122037293881954,10,10,[]
ScrawlD,code_llm,Qwen2.5-Coder-7B-Instruct,manifest_backed_jsonl,closed_taxonomy_all_manifest_records,5664,5664,5664,0,408,0,0.0,0.009047499371701432,0.015459419025059219,False,"{""ok"": 5664}",5664,0,0,0,49,359,7531,0.12009803921568628,0.006464379947229552,0.012268402603905859,0.18353830782320482,0.12247159375054059,0.03818992713057562,0.005296610169491525,0.0071445386064030135,,,,,,,0.18353830782320482,0.12247159375054059,0.03818992713057562,0.20975806608366268,0.13996753571490356,0.043645631006372136,7,8,"[""denial_of_service""]"
ScrawlD,static_baseline,mythril,ScrawlD constituent-tool reference,closed_taxonomy_non_independent,5664,5664,5664,0,8440,0,0.0,0.46201452478686456,0.4786962741805063,False,,,,,,3766,4674,3814,0.44620853080568723,0.4968337730870712,0.47016229712858926,0.17397485460529216,0.5826617912151953,0.22100662156046852,0.17019774011299435,0.43564870863599875,,,,,,,0.17397485460529216,0.5826617912151953,0.22100662156046852,0.19882840526319104,0.6658991899602232,0.2525789960691069,7,8,"[""denial_of_service""]"
ScrawlD,static_baseline,osiris,ScrawlD constituent-tool reference,closed_taxonomy_non_independent,5664,5664,5664,0,4200,0,0.0,0.5786056049213943,0.5991847826086957,False,,,,,,3467,733,4113,0.8254761904761905,0.4573878627968338,0.5886247877758913,0.10318452380952381,0.10954878665318503,0.10627145659637077,0.3862994350282486,0.5329449152542314,,,,,,,0.10318452380952381,0.10954878665318503,0.10627145659637077,0.1179251700680272,0.12519861331792576,0.12145309325299516,7,8,"[""denial_of_service""]"
ScrawlD,static_baseline,oyente,ScrawlD constituent-tool reference,closed_taxonomy_non_independent,5664,5664,5664,0,6846,0,0.0,0.7086811352253757,0.7244961997071334,False,,,,,,5170,1676,2410,0.7551855097867368,0.6820580474934037,0.7167614030223208,0.33142494048994553,0.3223655154234276,0.2859594190945033,0.5028248587570622,0.7089399213074923,,,,,,,0.33142494048994553,0.3223655154234276,0.2859594190945033,0.37877136055993776,0.3684177319124887,0.3268107646794323,7,8,"[""denial_of_service""]"
ScrawlD,static_baseline,slither,ScrawlD constituent-tool reference,closed_taxonomy_non_independent,5664,5664,5664,0,5070,0,0.0,0.28203899009268135,0.30071862907683805,False,,,,,,1842,3228,5738,0.3633136094674556,0.24300791556728232,0.29122529644268774,0.19267864144068092,0.47409618863646763,0.20101003899292358,0.07291666666666667,0.21746368038740885,,,,,,,0.19267864144068092,0.47409618863646763,0.20101003899292358,0.22020416164649248,0.5418242155845344,0.22972575884905552,7,8,"[""denial_of_service""]"
ScrawlD,static_baseline,smartcheck,ScrawlD constituent-tool reference,closed_taxonomy_non_independent,5664,5664,5664,0,1408,0,0.0,0.2348169014084507,0.25685425685425683,False,,,,,,1105,303,6475,0.7848011363636364,0.145778364116095,0.24588340008900755,0.2400922944027911,0.31297340054011313,0.14607993221345472,0.08227401129943503,0.15111817325800272,,,,,,,0.2400922944027911,0.31297340054011313,0.14607993221345472,0.2743911936031898,0.35768388633155784,0.16694849395823397,7,8,"[""denial_of_service""]"
ScrawlD,code_llm,CodeLlama-7B-Instruct,manifest_backed_jsonl,closed_taxonomy_all_manifest_records,5664,5664,5664,0,10633,0,0.0,0.10226450787292049,0.11421668222502883,False,"{""ok"": 5664}",5664,0,0,0,986,9647,6594,0.09273017962945547,0.13007915567282322,0.10827430955910614,0.17528541374184523,0.23872807626450127,0.09417694700848149,0.0049435028248587575,0.06687031483111998,,,,,,,0.17528541374184523,0.23872807626450127,0.09417694700848149,0.20032618713353736,0.27283208715942997,0.10763079658112171,7,8,"[""denial_of_service""]"
ScrawlD,code_llm,Mistral-7B-Instruct-v0.3,manifest_backed_jsonl,closed_taxonomy_all_manifest_records,5664,5664,5664,0,5428,0,0.0,0.07258627374951532,0.08584544758990054,False,"{""ok"": 5664}",5664,0,0,0,515,4913,7065,0.09487840825350037,0.0679419525065963,0.0791820418204182,0.11924404011350187,0.09630513432208616,0.0658986471796863,0.013241525423728813,0.05363574455205814,,,,,,,0.11924404011350187,0.09630513432208616,0.0658986471796863,0.13627890298685927,0.11006301065381276,0.07531273963392722,7,8,"[""denial_of_service""]"
BCCC,code_llm,Qwen2.5-Coder-7B-Instruct,manifest_backed_jsonl,binary_all_manifest_records,19512,19512,19512,0,1241,0,0.0,,,,"{""ok"": 19512}",19512,0,0,0,552,554,9204,,,,,,,,,9202,0.49909584086799275,0.056580565805658053,0.10163874056343215,0.9432144321443214,0.49989749897498975,,,,,,,,,
BCCC,code_llm,CodeLlama-7B-Instruct,manifest_backed_jsonl,binary_all_manifest_records,19512,19512,19512,0,42218,0,0.0,,,,"{""ok"": 19512}",19512,0,0,0,9738,9703,18,,,,,,,,,53,0.5009001594568181,0.9981549815498155,0.6670548344007946,0.005432554325543256,0.5017937679376794,,,,,,,,,
BCCC,code_llm,Mistral-7B-Instruct-v0.3,manifest_backed_jsonl,binary_all_manifest_records,19512,19512,19512,0,23220,0,0.0,,,,"{""ok"": 19512}",19512,0,0,0,8499,8105,1257,,,,,,,,,1651,0.5118646109371235,0.8711562115621156,0.6448406676783005,0.16922919229192293,0.5201927019270193,,,,,,,,,
