dataset,bin_index,lower,upper,decisions,mean_posterior,empirical_positive_rate,absolute_gap
SmartBugs-Curated,0,0.0,0.1,1263,0.014325932937363502,0.007125890736342043,0.007200042201021459
SmartBugs-Curated,1,0.1,0.2,32,0.12949571938610258,0.09375,0.035745719386102576
SmartBugs-Curated,2,0.2,0.3,4,0.22223033963244365,0.0,0.22223033963244365
SmartBugs-Curated,3,0.3,0.4,10,0.36296605934320975,1.0,0.6370339406567902
SmartBugs-Curated,4,0.4,0.5,10,0.44436126879752524,1.0,0.5556387312024748
SmartBugs-Curated,5,0.5,0.6,6,0.5264089578220648,1.0,0.47359104217793524
SmartBugs-Curated,6,0.6,0.7,29,0.6369667987183202,1.0,0.3630332012816798
SmartBugs-Curated,7,0.7,0.8,0,0.0,0.0,0.0
SmartBugs-Curated,8,0.8,0.9,76,0.8539922200309361,1.0,0.1460077799690639
SmartBugs-Curated,9,0.9,1.0,0,0.0,0.0,0.0
ScrawlD,0,0.0,0.1,25814,0.0168059874799483,0.01719996900906485,0.0003939815291165473
ScrawlD,1,0.1,0.2,7164,0.17576898582627606,0.1774148520379676,0.001645866211691549
ScrawlD,2,0.2,0.3,6048,0.2831575165474968,0.27992724867724866,0.00323026787024816
ScrawlD,3,0.3,0.4,836,0.355841076602663,0.3588516746411483,0.0030105980384853015
ScrawlD,4,0.4,0.5,49,0.4035431190908223,0.30612244897959184,0.09742067011123046
ScrawlD,5,0.5,0.6,0,0.0,0.0,0.0
ScrawlD,6,0.6,0.7,440,0.6410994187475997,0.6454545454545455,0.004355126706945822
ScrawlD,7,0.7,0.8,4956,0.720118626973843,0.7203389830508474,0.0002203560770044355
ScrawlD,8,0.8,0.9,5,0.8544318019049136,0.6,0.25443180190491366
ScrawlD,9,0.9,1.0,0,0.0,0.0,0.0
BCCC,0,0.0,0.1,0,0.0,0.0,0.0
BCCC,1,0.1,0.2,0,0.0,0.0,0.0
BCCC,2,0.2,0.3,57,0.2543894030592987,0.21052631578947367,0.04386308726982502
BCCC,3,0.3,0.4,66,0.3701905813294104,0.45454545454545453,0.08435487321604412
BCCC,4,0.4,0.5,3012,0.4436922988238283,0.4455511288180611,0.001858829994232758
BCCC,5,0.5,0.6,16377,0.5120632351907749,0.5112047383525676,0.0008584968382072677
BCCC,6,0.6,0.7,0,0.0,0.0,0.0
BCCC,7,0.7,0.8,0,0.0,0.0,0.0
BCCC,8,0.8,0.9,0,0.0,0.0,0.0
BCCC,9,0.9,1.0,0,0.0,0.0,0.0
