dataset,system,taxonomy_class,records,support,prevalence,brier_score,ece_10_bins,nonempty_bins,zero_support
SmartBugs-Curated,TACE-F1 (cross-fitted empirical-Bayes ensemble),access_control,143,18,0.1258741258741259,0.03185895286136621,0.06310943711922952,4,False
SmartBugs-Curated,TACE-F1 (cross-fitted empirical-Bayes ensemble),arithmetic,143,15,0.1048951048951049,0.01958439670753462,0.05459613344185931,3,False
SmartBugs-Curated,TACE-F1 (cross-fitted empirical-Bayes ensemble),bad_randomness,143,8,0.055944055944055944,0.01563752364748833,0.035168941723671236,3,False
SmartBugs-Curated,TACE-F1 (cross-fitted empirical-Bayes ensemble),denial_of_service,143,6,0.04195804195804196,0.015298240615395751,0.030539690806129827,3,False
SmartBugs-Curated,TACE-F1 (cross-fitted empirical-Bayes ensemble),other,143,3,0.02097902097902098,0.02038472824599482,0.01441356576600333,1,False
SmartBugs-Curated,TACE-F1 (cross-fitted empirical-Bayes ensemble),reentrancy,143,31,0.21678321678321677,0.010969059806086565,0.07644271740394709,4,False
SmartBugs-Curated,TACE-F1 (cross-fitted empirical-Bayes ensemble),short_addresses,143,1,0.006993006993006993,0.006878028313761552,0.005319346128786503,1,False
SmartBugs-Curated,TACE-F1 (cross-fitted empirical-Bayes ensemble),time_manipulation,143,5,0.03496503496503497,0.014295407276947482,0.026810529865868106,2,False
SmartBugs-Curated,TACE-F1 (cross-fitted empirical-Bayes ensemble),transaction_ordering,143,4,0.027972027972027972,0.02720646990476357,0.00475451038091464,1,False
SmartBugs-Curated,TACE-F1 (cross-fitted empirical-Bayes ensemble),unchecked_low_level_calls,143,52,0.36363636363636365,0.021973096183127084,0.10346599084704114,5,False
ScrawlD,TACE-F1 (cross-fitted empirical-Bayes ensemble),arithmetic,5664,3956,0.6984463276836158,0.20527919544988746,0.0019445979592612398,5,False
ScrawlD,TACE-F1 (cross-fitted empirical-Bayes ensemble),denial_of_service,5664,0,0.0,1.863022718145212e-11,8.510879776361731e-07,1,True
ScrawlD,TACE-F1 (cross-fitted empirical-Bayes ensemble),locked_ether,5664,1696,0.2994350282485876,0.20976962997291945,0.0007715524136745888,3,False
ScrawlD,TACE-F1 (cross-fitted empirical-Bayes ensemble),reentrancy,5664,654,0.11546610169491525,0.10095904871119482,0.0034551652041652217,3,False
ScrawlD,TACE-F1 (cross-fitted empirical-Bayes ensemble),time_manipulation,5664,145,0.025600282485875706,0.02498884292272459,0.0007241156597866014,2,False
ScrawlD,TACE-F1 (cross-fitted empirical-Bayes ensemble),transaction_ordering,5664,1106,0.1952683615819209,0.15693102209806858,0.002545850618504669,2,False
ScrawlD,TACE-F1 (cross-fitted empirical-Bayes ensemble),tx_origin,5664,5,0.0008827683615819209,0.0008776464423686405,8.33937321447646e-05,1,False
ScrawlD,TACE-F1 (cross-fitted empirical-Bayes ensemble),unchecked_low_level_calls,5664,18,0.0031779661016949155,0.0031264220214698283,0.0010988666110678864,2,False
BCCC,TACE-F1 (cross-fitted empirical-Bayes ensemble),vulnerable,19512,9756,0.5,0.249172331624215,0.0014209725434905919,4,False
