dataset,system,protocol,records,primary_metric,primary_value,macro_f1_supported,supported_class_count,tp,fp,fn,precision,recall,f1,shrinkage,configured_primary_shrinkage,selected_thresholds_by_fold,selected_threshold_min,selected_threshold_max,delta_primary_vs_configured,tn,specificity,false_positive_rate,accuracy,balanced_accuracy,mcc
SmartBugs-Curated,TACE-F1 (cross-fitted empirical-Bayes ensemble),nested cross-fitted shrinkage sensitivity,143,micro_f1,0.9411764705882353,0.6818167212258751,10,128,1,15,0.9922480620155039,0.8951048951048951,0.9411764705882353,2.0,8.0,"{""0"": 0.35, ""1"": 0.5, ""2"": 0.35, ""3"": 0.35, ""4"": 0.35}",0.35,0.5,-0.0046719048630282645,,,,,,
SmartBugs-Curated,TACE-F1 (cross-fitted empirical-Bayes ensemble),nested cross-fitted shrinkage sensitivity,143,micro_f1,0.9562043795620438,0.687460815047022,10,131,0,12,1.0,0.916083916083916,0.9562043795620438,4.0,8.0,"{""0"": 0.35, ""1"": 0.35, ""2"": 0.35, ""3"": 0.35, ""4"": 0.35}",0.35,0.35,0.010356004110780304,,,,,,
SmartBugs-Curated,TACE-F1 (cross-fitted empirical-Bayes ensemble),nested cross-fitted shrinkage sensitivity,143,micro_f1,0.9458483754512635,0.6828454304316374,10,131,3,12,0.9776119402985075,0.916083916083916,0.9458483754512635,8.0,8.0,"{""0"": 0.3, ""1"": 0.3, ""2"": 0.3, ""3"": 0.2, ""4"": 0.2}",0.2,0.3,0.0,,,,,,
SmartBugs-Curated,TACE-F1 (cross-fitted empirical-Bayes ensemble),nested cross-fitted shrinkage sensitivity,143,micro_f1,0.9288389513108615,0.567460815047022,10,124,0,19,1.0,0.8671328671328671,0.9288389513108615,16.0,8.0,"{""0"": 0.25, ""1"": 0.25, ""2"": 0.25, ""3"": 0.25, ""4"": 0.25}",0.25,0.25,-0.017009424140402074,,,,,,
SmartBugs-Curated,TACE-F1 (cross-fitted empirical-Bayes ensemble),nested cross-fitted shrinkage sensitivity,143,micro_f1,0.8339483394833949,0.39544692615813304,10,113,15,30,0.8828125,0.7902097902097902,0.8339483394833949,32.0,8.0,"{""0"": 0.25, ""1"": 0.25, ""2"": 0.25, ""3"": 0.2, ""4"": 0.3}",0.2,0.3,-0.11190003596786868,,,,,,
ScrawlD,TACE-F1 (cross-fitted empirical-Bayes ensemble),nested cross-fitted shrinkage sensitivity,5664,micro_f1,0.598514635211883,0.1376214053249735,7,4110,2044,3470,0.6678583035424115,0.5422163588390502,0.598514635211883,2.0,8.0,"{""0"": 0.3, ""1"": 0.3, ""2"": 0.3, ""3"": 0.35, ""4"": 0.35}",0.3,0.35,0.0,,,,,,
ScrawlD,TACE-F1 (cross-fitted empirical-Bayes ensemble),nested cross-fitted shrinkage sensitivity,5664,micro_f1,0.598514635211883,0.1376214053249735,7,4110,2044,3470,0.6678583035424115,0.5422163588390502,0.598514635211883,4.0,8.0,"{""0"": 0.3, ""1"": 0.3, ""2"": 0.3, ""3"": 0.35, ""4"": 0.35}",0.3,0.35,0.0,,,,,,
ScrawlD,TACE-F1 (cross-fitted empirical-Bayes ensemble),nested cross-fitted shrinkage sensitivity,5664,micro_f1,0.598514635211883,0.1376214053249735,7,4110,2044,3470,0.6678583035424115,0.5422163588390502,0.598514635211883,8.0,8.0,"{""0"": 0.3, ""1"": 0.3, ""2"": 0.3, ""3"": 0.35, ""4"": 0.35}",0.3,0.35,0.0,,,,,,
ScrawlD,TACE-F1 (cross-fitted empirical-Bayes ensemble),nested cross-fitted shrinkage sensitivity,5664,micro_f1,0.598514635211883,0.1376214053249735,7,4110,2044,3470,0.6678583035424115,0.5422163588390502,0.598514635211883,16.0,8.0,"{""0"": 0.3, ""1"": 0.3, ""2"": 0.3, ""3"": 0.35, ""4"": 0.35}",0.3,0.35,0.0,,,,,,
ScrawlD,TACE-F1 (cross-fitted empirical-Bayes ensemble),nested cross-fitted shrinkage sensitivity,5664,micro_f1,0.598514635211883,0.1376214053249735,7,4110,2044,3470,0.6678583035424115,0.5422163588390502,0.598514635211883,32.0,8.0,"{""0"": 0.3, ""1"": 0.3, ""2"": 0.3, ""3"": 0.4, ""4"": 0.35}",0.3,0.4,0.0,,,,,,
BCCC,TACE-F1 (cross-fitted empirical-Bayes ensemble),nested cross-fitted shrinkage sensitivity,19512,balanced_accuracy,0.5199876998769988,,,8494,8104,1262,0.511748403422099,0.8706437064370643,0.6446080291416862,2.0,8.0,"{""0"": 0.45, ""1"": 0.5, ""2"": 0.45, ""3"": 0.5, ""4"": 0.5}",0.45,0.5,0.0,1652,0.16933169331693318,0.8306683066830668,0.5199876998769988,0.5199876998769988,0.05607792728913083
BCCC,TACE-F1 (cross-fitted empirical-Bayes ensemble),nested cross-fitted shrinkage sensitivity,19512,balanced_accuracy,0.5199876998769988,,,8494,8104,1262,0.511748403422099,0.8706437064370643,0.6446080291416862,4.0,8.0,"{""0"": 0.45, ""1"": 0.5, ""2"": 0.45, ""3"": 0.5, ""4"": 0.5}",0.45,0.5,0.0,1652,0.16933169331693318,0.8306683066830668,0.5199876998769988,0.5199876998769988,0.05607792728913083
BCCC,TACE-F1 (cross-fitted empirical-Bayes ensemble),nested cross-fitted shrinkage sensitivity,19512,balanced_accuracy,0.5199876998769988,,,8494,8104,1262,0.511748403422099,0.8706437064370643,0.6446080291416862,8.0,8.0,"{""0"": 0.45, ""1"": 0.5, ""2"": 0.45, ""3"": 0.5, ""4"": 0.5}",0.45,0.5,0.0,1652,0.16933169331693318,0.8306683066830668,0.5199876998769988,0.5199876998769988,0.05607792728913083
BCCC,TACE-F1 (cross-fitted empirical-Bayes ensemble),nested cross-fitted shrinkage sensitivity,19512,balanced_accuracy,0.5199876998769988,,,8494,8104,1262,0.511748403422099,0.8706437064370643,0.6446080291416862,16.0,8.0,"{""0"": 0.45, ""1"": 0.5, ""2"": 0.45, ""3"": 0.5, ""4"": 0.5}",0.45,0.5,0.0,1652,0.16933169331693318,0.8306683066830668,0.5199876998769988,0.5199876998769988,0.05607792728913083
BCCC,TACE-F1 (cross-fitted empirical-Bayes ensemble),nested cross-fitted shrinkage sensitivity,19512,balanced_accuracy,0.5201414514145142,,,8497,8104,1259,0.511836636347208,0.8709512095120951,0.6447623022347004,32.0,8.0,"{""0"": 0.45, ""1"": 0.5, ""2"": 0.45, ""3"": 0.5, ""4"": 0.5}",0.45,0.5,0.00015375153751540083,1652,0.16933169331693318,0.8306683066830668,0.5201414514145142,0.5201414514145142,0.056533298143710525
