dataset,outer_fold,operating_point,selected,threshold,inner_objective,inner_objective_value,inner_micro_f1,inner_macro_f1_supported,inner_balanced_accuracy,tp,fp,fn,precision,recall,f1,tn,specificity,false_positive_rate,accuracy,balanced_accuracy,mcc
SmartBugs-Curated,0,TACE-F1,False,0.05,micro_f1,0.6096866096866097,0.6096866096866097,0.5488961173994681,,107,128,9,0.4553191489361702,0.9224137931034483,0.6096866096866097,,,,,,
SmartBugs-Curated,0,TACE-F1,False,0.1,micro_f1,0.7955390334572491,0.7955390334572491,0.6379262954759259,,107,46,9,0.6993464052287581,0.9224137931034483,0.7955390334572491,,,,,,
SmartBugs-Curated,0,TACE-F1,False,0.15,micro_f1,0.8739495798319328,0.8739495798319328,0.6587205172700692,,104,18,12,0.8524590163934426,0.896551724137931,0.8739495798319328,,,,,,
SmartBugs-Curated,0,TACE-F1,False,0.2,micro_f1,0.9327354260089686,0.9327354260089686,0.6779917965545529,,104,3,12,0.9719626168224299,0.896551724137931,0.9327354260089686,,,,,,
SmartBugs-Curated,0,TACE-F1,False,0.25,micro_f1,0.9357798165137615,0.9357798165137615,0.6503188405797101,,102,0,14,1.0,0.8793103448275862,0.9357798165137615,,,,,,
SmartBugs-Curated,0,TACE-F1,True,0.3,micro_f1,0.9357798165137615,0.9357798165137615,0.6503188405797101,,102,0,14,1.0,0.8793103448275862,0.9357798165137615,,,,,,
SmartBugs-Curated,0,TACE-F1,False,0.35,micro_f1,0.9056603773584906,0.9056603773584906,0.5169855072463768,,96,0,20,1.0,0.8275862068965517,0.9056603773584906,,,,,,
SmartBugs-Curated,0,TACE-F1,False,0.4,micro_f1,0.8514851485148515,0.8514851485148515,0.37994847020933975,,86,0,30,1.0,0.7413793103448276,0.8514851485148515,,,,,,
SmartBugs-Curated,0,TACE-F1,False,0.45,micro_f1,0.84,0.84,0.37732305998899285,,84,0,32,1.0,0.7241379310344828,0.84,,,,,,
SmartBugs-Curated,0,TACE-F1,False,0.5,micro_f1,0.8341708542713567,0.8341708542713567,0.3759598662207358,,83,0,33,1.0,0.7155172413793104,0.8341708542713567,,,,,,
SmartBugs-Curated,0,TACE-F1,False,0.55,micro_f1,0.7252747252747253,0.7252747252747253,0.25730769230769235,,66,0,50,1.0,0.5689655172413793,0.7252747252747253,,,,,,
SmartBugs-Curated,0,TACE-F1,False,0.6,micro_f1,0.6892655367231638,0.6892655367231638,0.19230769230769232,,61,0,55,1.0,0.5258620689655172,0.6892655367231638,,,,,,
SmartBugs-Curated,0,TACE-F1,False,0.65,micro_f1,0.6892655367231638,0.6892655367231638,0.19230769230769232,,61,0,55,1.0,0.5258620689655172,0.6892655367231638,,,,,,
SmartBugs-Curated,0,TACE-F1,False,0.7,micro_f1,0.6892655367231638,0.6892655367231638,0.19230769230769232,,61,0,55,1.0,0.5258620689655172,0.6892655367231638,,,,,,
SmartBugs-Curated,0,TACE-F1,False,0.75,micro_f1,0.6190476190476191,0.6190476190476191,0.1703564727954972,,52,0,64,1.0,0.4482758620689655,0.6190476190476191,,,,,,
SmartBugs-Curated,0,TACE-F1,False,0.8,micro_f1,0.47368421052631576,0.47368421052631576,0.09230769230769231,,36,0,80,1.0,0.3103448275862069,0.47368421052631576,,,,,,
SmartBugs-Curated,0,TACE-F1,False,0.85,micro_f1,0.0,0.0,0.0,,0,0,116,0.0,0.0,0.0,,,,,,
SmartBugs-Curated,0,TACE-F1,False,0.9,micro_f1,0.0,0.0,0.0,,0,0,116,0.0,0.0,0.0,,,,,,
SmartBugs-Curated,0,TACE-F1,False,0.95,micro_f1,0.0,0.0,0.0,,0,0,116,0.0,0.0,0.0,,,,,,
SmartBugs-Curated,0,TACE-Macro,False,0.05,macro_f1_supported,0.557785006288357,0.6084507042253521,0.557785006288357,,108,131,8,0.45188284518828453,0.9310344827586207,0.6084507042253521,,,,,,
SmartBugs-Curated,0,TACE-Macro,False,0.1,macro_f1_supported,0.6379262954759259,0.8106060606060606,0.6379262954759259,,107,41,9,0.722972972972973,0.9224137931034483,0.8106060606060606,,,,,,
SmartBugs-Curated,0,TACE-Macro,False,0.15,macro_f1_supported,0.6611634182908546,0.8813559322033898,0.6611634182908546,,104,16,12,0.8666666666666667,0.896551724137931,0.8813559322033898,,,,,,
SmartBugs-Curated,0,TACE-Macro,True,0.2,macro_f1_supported,0.6779917965545529,0.9327354260089686,0.6779917965545529,,104,3,12,0.9719626168224299,0.896551724137931,0.9327354260089686,,,,,,
SmartBugs-Curated,0,TACE-Macro,False,0.25,macro_f1_supported,0.6503188405797101,0.9357798165137615,0.6503188405797101,,102,0,14,1.0,0.8793103448275862,0.9357798165137615,,,,,,
SmartBugs-Curated,0,TACE-Macro,False,0.3,macro_f1_supported,0.6503188405797101,0.9357798165137615,0.6503188405797101,,102,0,14,1.0,0.8793103448275862,0.9357798165137615,,,,,,
SmartBugs-Curated,0,TACE-Macro,False,0.35,macro_f1_supported,0.5169855072463768,0.9056603773584906,0.5169855072463768,,96,0,20,1.0,0.8275862068965517,0.9056603773584906,,,,,,
SmartBugs-Curated,0,TACE-Macro,False,0.4,macro_f1_supported,0.37994847020933975,0.8514851485148515,0.37994847020933975,,86,0,30,1.0,0.7413793103448276,0.8514851485148515,,,,,,
SmartBugs-Curated,0,TACE-Macro,False,0.45,macro_f1_supported,0.37732305998899285,0.84,0.37732305998899285,,84,0,32,1.0,0.7241379310344828,0.84,,,,,,
SmartBugs-Curated,0,TACE-Macro,False,0.5,macro_f1_supported,0.3759598662207358,0.8341708542713567,0.3759598662207358,,83,0,33,1.0,0.7155172413793104,0.8341708542713567,,,,,,
SmartBugs-Curated,0,TACE-Macro,False,0.55,macro_f1_supported,0.26760180995475114,0.73224043715847,0.26760180995475114,,67,0,49,1.0,0.5775862068965517,0.73224043715847,,,,,,
SmartBugs-Curated,0,TACE-Macro,False,0.6,macro_f1_supported,0.19230769230769232,0.6892655367231638,0.19230769230769232,,61,0,55,1.0,0.5258620689655172,0.6892655367231638,,,,,,
SmartBugs-Curated,0,TACE-Macro,False,0.65,macro_f1_supported,0.19230769230769232,0.6892655367231638,0.19230769230769232,,61,0,55,1.0,0.5258620689655172,0.6892655367231638,,,,,,
SmartBugs-Curated,0,TACE-Macro,False,0.7,macro_f1_supported,0.19230769230769232,0.6892655367231638,0.19230769230769232,,61,0,55,1.0,0.5258620689655172,0.6892655367231638,,,,,,
SmartBugs-Curated,0,TACE-Macro,False,0.75,macro_f1_supported,0.1703564727954972,0.6190476190476191,0.1703564727954972,,52,0,64,1.0,0.4482758620689655,0.6190476190476191,,,,,,
SmartBugs-Curated,0,TACE-Macro,False,0.8,macro_f1_supported,0.09230769230769231,0.47368421052631576,0.09230769230769231,,36,0,80,1.0,0.3103448275862069,0.47368421052631576,,,,,,
SmartBugs-Curated,0,TACE-Macro,False,0.85,macro_f1_supported,0.038461538461538464,0.15873015873015872,0.038461538461538464,,10,0,106,1.0,0.08620689655172414,0.15873015873015872,,,,,,
SmartBugs-Curated,0,TACE-Macro,False,0.9,macro_f1_supported,0.0,0.0,0.0,,0,0,116,0.0,0.0,0.0,,,,,,
SmartBugs-Curated,0,TACE-Macro,False,0.95,macro_f1_supported,0.0,0.0,0.0,,0,0,116,0.0,0.0,0.0,,,,,,
SmartBugs-Curated,1,TACE-F1,False,0.05,micro_f1,0.6140350877192983,0.6140350877192983,0.5249833138997226,,105,124,8,0.4585152838427948,0.9292035398230089,0.6140350877192983,,,,,,
SmartBugs-Curated,1,TACE-F1,False,0.1,micro_f1,0.8108108108108109,0.8108108108108109,0.6446982346147501,,105,41,8,0.7191780821917808,0.9292035398230089,0.8108108108108109,,,,,,
SmartBugs-Curated,1,TACE-F1,False,0.15,micro_f1,0.8803418803418803,0.8803418803418803,0.6640827976628161,,103,18,10,0.8512396694214877,0.911504424778761,0.8803418803418803,,,,,,
SmartBugs-Curated,1,TACE-F1,False,0.2,micro_f1,0.9155555555555556,0.9155555555555556,0.6770301610053162,,103,9,10,0.9196428571428571,0.911504424778761,0.9155555555555556,,,,,,
SmartBugs-Curated,1,TACE-F1,False,0.25,micro_f1,0.9439252336448598,0.9439252336448598,0.6546265328874025,,101,0,12,1.0,0.8938053097345132,0.9439252336448598,,,,,,
SmartBugs-Curated,1,TACE-F1,True,0.3,micro_f1,0.9439252336448598,0.9439252336448598,0.6546265328874025,,101,0,12,1.0,0.8938053097345132,0.9439252336448598,,,,,,
SmartBugs-Curated,1,TACE-F1,False,0.35,micro_f1,0.9134615384615384,0.9134615384615384,0.521293199554069,,95,0,18,1.0,0.8407079646017699,0.9134615384615384,,,,,,
SmartBugs-Curated,1,TACE-F1,False,0.4,micro_f1,0.8756218905472637,0.8756218905472637,0.3879598662207358,,88,0,25,1.0,0.7787610619469026,0.8756218905472637,,,,,,
SmartBugs-Curated,1,TACE-F1,False,0.45,micro_f1,0.8756218905472637,0.8756218905472637,0.3879598662207358,,88,0,25,1.0,0.7787610619469026,0.8756218905472637,,,,,,
SmartBugs-Curated,1,TACE-F1,False,0.5,micro_f1,0.864321608040201,0.864321608040201,0.3854598662207358,,86,0,27,1.0,0.7610619469026548,0.864321608040201,,,,,,
SmartBugs-Curated,1,TACE-F1,False,0.55,micro_f1,0.7783783783783784,0.7783783783783784,0.3028691983122363,,72,0,41,1.0,0.6371681415929203,0.7783783783783784,,,,,,
SmartBugs-Curated,1,TACE-F1,False,0.6,micro_f1,0.7085714285714285,0.7085714285714285,0.1962025316455696,,62,0,51,1.0,0.5486725663716814,0.7085714285714285,,,,,,
SmartBugs-Curated,1,TACE-F1,False,0.65,micro_f1,0.7085714285714285,0.7085714285714285,0.1962025316455696,,62,0,51,1.0,0.5486725663716814,0.7085714285714285,,,,,,
SmartBugs-Curated,1,TACE-F1,False,0.7,micro_f1,0.7085714285714285,0.7085714285714285,0.1962025316455696,,62,0,51,1.0,0.5486725663716814,0.7085714285714285,,,,,,
SmartBugs-Curated,1,TACE-F1,False,0.75,micro_f1,0.5033112582781457,0.5033112582781457,0.09620253164556962,,38,0,75,1.0,0.336283185840708,0.5033112582781457,,,,,,
SmartBugs-Curated,1,TACE-F1,False,0.8,micro_f1,0.5033112582781457,0.5033112582781457,0.09620253164556962,,38,0,75,1.0,0.336283185840708,0.5033112582781457,,,,,,
SmartBugs-Curated,1,TACE-F1,False,0.85,micro_f1,0.192,0.192,0.04528301886792453,,12,0,101,1.0,0.10619469026548672,0.192,,,,,,
SmartBugs-Curated,1,TACE-F1,False,0.9,micro_f1,0.0,0.0,0.0,,0,0,113,0.0,0.0,0.0,,,,,,
SmartBugs-Curated,1,TACE-F1,False,0.95,micro_f1,0.0,0.0,0.0,,0,0,113,0.0,0.0,0.0,,,,,,
SmartBugs-Curated,1,TACE-Macro,False,0.05,macro_f1_supported,0.5449833138997227,0.621301775147929,0.5449833138997227,,105,120,8,0.4666666666666667,0.9292035398230089,0.621301775147929,,,,,,
SmartBugs-Curated,1,TACE-Macro,False,0.1,macro_f1_supported,0.6272364705723408,0.8045977011494253,0.6272364705723408,,105,43,8,0.7094594594594594,0.9292035398230089,0.8045977011494253,,,,,,
SmartBugs-Curated,1,TACE-Macro,False,0.15,macro_f1_supported,0.6631645445833089,0.8765957446808511,0.6631645445833089,,103,19,10,0.8442622950819673,0.911504424778761,0.8765957446808511,,,,,,
SmartBugs-Curated,1,TACE-Macro,True,0.2,macro_f1_supported,0.6820775132795593,0.9406392694063926,0.6820775132795593,,103,3,10,0.9716981132075472,0.911504424778761,0.9406392694063926,,,,,,
SmartBugs-Curated,1,TACE-Macro,False,0.25,macro_f1_supported,0.6546265328874025,0.9439252336448598,0.6546265328874025,,101,0,12,1.0,0.8938053097345132,0.9439252336448598,,,,,,
SmartBugs-Curated,1,TACE-Macro,False,0.3,macro_f1_supported,0.6546265328874025,0.9439252336448598,0.6546265328874025,,101,0,12,1.0,0.8938053097345132,0.9439252336448598,,,,,,
SmartBugs-Curated,1,TACE-Macro,False,0.35,macro_f1_supported,0.521293199554069,0.9134615384615384,0.521293199554069,,95,0,18,1.0,0.8407079646017699,0.9134615384615384,,,,,,
SmartBugs-Curated,1,TACE-Macro,False,0.4,macro_f1_supported,0.3879598662207358,0.8756218905472637,0.3879598662207358,,88,0,25,1.0,0.7787610619469026,0.8756218905472637,,,,,,
SmartBugs-Curated,1,TACE-Macro,False,0.45,macro_f1_supported,0.3854598662207358,0.864321608040201,0.3854598662207358,,86,0,27,1.0,0.7610619469026548,0.864321608040201,,,,,,
SmartBugs-Curated,1,TACE-Macro,False,0.5,macro_f1_supported,0.3841623978663054,0.8585858585858586,0.3841623978663054,,85,0,28,1.0,0.7522123893805309,0.8585858585858586,,,,,,
SmartBugs-Curated,1,TACE-Macro,False,0.55,macro_f1_supported,0.3028691983122363,0.7783783783783784,0.3028691983122363,,72,0,41,1.0,0.6371681415929203,0.7783783783783784,,,,,,
SmartBugs-Curated,1,TACE-Macro,False,0.6,macro_f1_supported,0.1962025316455696,0.7085714285714285,0.1962025316455696,,62,0,51,1.0,0.5486725663716814,0.7085714285714285,,,,,,
SmartBugs-Curated,1,TACE-Macro,False,0.65,macro_f1_supported,0.1962025316455696,0.7085714285714285,0.1962025316455696,,62,0,51,1.0,0.5486725663716814,0.7085714285714285,,,,,,
SmartBugs-Curated,1,TACE-Macro,False,0.7,macro_f1_supported,0.1962025316455696,0.7085714285714285,0.1962025316455696,,62,0,51,1.0,0.5486725663716814,0.7085714285714285,,,,,,
SmartBugs-Curated,1,TACE-Macro,False,0.75,macro_f1_supported,0.09620253164556962,0.5033112582781457,0.09620253164556962,,38,0,75,1.0,0.336283185840708,0.5033112582781457,,,,,,
SmartBugs-Curated,1,TACE-Macro,False,0.8,macro_f1_supported,0.09620253164556962,0.5033112582781457,0.09620253164556962,,38,0,75,1.0,0.336283185840708,0.5033112582781457,,,,,,
SmartBugs-Curated,1,TACE-Macro,False,0.85,macro_f1_supported,0.04230769230769231,0.1774193548387097,0.04230769230769231,,11,0,102,1.0,0.09734513274336283,0.1774193548387097,,,,,,
SmartBugs-Curated,1,TACE-Macro,False,0.9,macro_f1_supported,0.0,0.0,0.0,,0,0,113,0.0,0.0,0.0,,,,,,
SmartBugs-Curated,1,TACE-Macro,False,0.95,macro_f1_supported,0.0,0.0,0.0,,0,0,113,0.0,0.0,0.0,,,,,,
SmartBugs-Curated,2,TACE-F1,False,0.05,micro_f1,0.6162790697674418,0.6162790697674418,0.532994227994228,,106,125,7,0.4588744588744589,0.9380530973451328,0.6162790697674418,,,,,,
SmartBugs-Curated,2,TACE-F1,False,0.1,micro_f1,0.7969924812030075,0.7969924812030075,0.6308988698927847,,106,47,7,0.6928104575163399,0.9380530973451328,0.7969924812030075,,,,,,
SmartBugs-Curated,2,TACE-F1,False,0.15,micro_f1,0.8917748917748918,0.8917748917748918,0.6601216882347163,,103,15,10,0.8728813559322034,0.911504424778761,0.8917748917748918,,,,,,
SmartBugs-Curated,2,TACE-F1,False,0.2,micro_f1,0.9406392694063926,0.9406392694063926,0.6764214046822742,,103,3,10,0.9716981132075472,0.911504424778761,0.9406392694063926,,,,,,
SmartBugs-Curated,2,TACE-F1,False,0.25,micro_f1,0.9439252336448598,0.9439252336448598,0.6503188405797101,,101,0,12,1.0,0.8938053097345132,0.9439252336448598,,,,,,
SmartBugs-Curated,2,TACE-F1,True,0.3,micro_f1,0.9439252336448598,0.9439252336448598,0.6503188405797101,,101,0,12,1.0,0.8938053097345132,0.9439252336448598,,,,,,
SmartBugs-Curated,2,TACE-F1,False,0.35,micro_f1,0.9134615384615384,0.9134615384615384,0.5169855072463768,,95,0,18,1.0,0.8407079646017699,0.9134615384615384,,,,,,
SmartBugs-Curated,2,TACE-F1,False,0.4,micro_f1,0.8585858585858586,0.8585858585858586,0.3798547055586131,,85,0,28,1.0,0.7522123893805309,0.8585858585858586,,,,,,
SmartBugs-Curated,2,TACE-F1,False,0.45,micro_f1,0.8469387755102041,0.8469387755102041,0.37715866741953696,,83,0,30,1.0,0.7345132743362832,0.8469387755102041,,,,,,
SmartBugs-Curated,2,TACE-F1,False,0.5,micro_f1,0.841025641025641,0.841025641025641,0.3757574370709382,,82,0,31,1.0,0.7256637168141593,0.841025641025641,,,,,,
SmartBugs-Curated,2,TACE-F1,False,0.55,micro_f1,0.7374301675977654,0.7374301675977654,0.26739938080495357,,66,0,47,1.0,0.584070796460177,0.7374301675977654,,,,,,
SmartBugs-Curated,2,TACE-F1,False,0.6,micro_f1,0.6936416184971098,0.6936416184971098,0.19210526315789472,,60,0,53,1.0,0.5309734513274337,0.6936416184971098,,,,,,
SmartBugs-Curated,2,TACE-F1,False,0.65,micro_f1,0.6936416184971098,0.6936416184971098,0.19210526315789472,,60,0,53,1.0,0.5309734513274337,0.6936416184971098,,,,,,
SmartBugs-Curated,2,TACE-F1,False,0.7,micro_f1,0.6936416184971098,0.6936416184971098,0.19210526315789472,,60,0,53,1.0,0.5309734513274337,0.6936416184971098,,,,,,
SmartBugs-Curated,2,TACE-F1,False,0.75,micro_f1,0.6219512195121951,0.6219512195121951,0.1701540436456996,,51,0,62,1.0,0.45132743362831856,0.6219512195121951,,,,,,
SmartBugs-Curated,2,TACE-F1,False,0.8,micro_f1,0.47297297297297297,0.47297297297297297,0.09210526315789473,,35,0,78,1.0,0.30973451327433627,0.47297297297297297,,,,,,
SmartBugs-Curated,2,TACE-F1,False,0.85,micro_f1,0.0,0.0,0.0,,0,0,113,0.0,0.0,0.0,,,,,,
SmartBugs-Curated,2,TACE-F1,False,0.9,micro_f1,0.0,0.0,0.0,,0,0,113,0.0,0.0,0.0,,,,,,
SmartBugs-Curated,2,TACE-F1,False,0.95,micro_f1,0.0,0.0,0.0,,0,0,113,0.0,0.0,0.0,,,,,,
SmartBugs-Curated,2,TACE-Macro,False,0.05,macro_f1_supported,0.532994227994228,0.6198830409356725,0.532994227994228,,106,123,7,0.462882096069869,0.9380530973451328,0.6198830409356725,,,,,,
SmartBugs-Curated,2,TACE-Macro,False,0.1,macro_f1_supported,0.6319726327312534,0.803030303030303,0.6319726327312534,,106,45,7,0.7019867549668874,0.9380530973451328,0.803030303030303,,,,,,
SmartBugs-Curated,2,TACE-Macro,False,0.15,macro_f1_supported,0.6586092865408264,0.8879310344827587,0.6586092865408264,,103,16,10,0.865546218487395,0.911504424778761,0.8879310344827587,,,,,,
SmartBugs-Curated,2,TACE-Macro,True,0.2,macro_f1_supported,0.6764214046822742,0.9406392694063926,0.6764214046822742,,103,3,10,0.9716981132075472,0.911504424778761,0.9406392694063926,,,,,,
SmartBugs-Curated,2,TACE-Macro,False,0.25,macro_f1_supported,0.6503188405797101,0.9439252336448598,0.6503188405797101,,101,0,12,1.0,0.8938053097345132,0.9439252336448598,,,,,,
SmartBugs-Curated,2,TACE-Macro,False,0.3,macro_f1_supported,0.6503188405797101,0.9439252336448598,0.6503188405797101,,101,0,12,1.0,0.8938053097345132,0.9439252336448598,,,,,,
SmartBugs-Curated,2,TACE-Macro,False,0.35,macro_f1_supported,0.5169855072463768,0.9134615384615384,0.5169855072463768,,95,0,18,1.0,0.8407079646017699,0.9134615384615384,,,,,,
SmartBugs-Curated,2,TACE-Macro,False,0.4,macro_f1_supported,0.3798547055586131,0.8585858585858586,0.3798547055586131,,85,0,28,1.0,0.7522123893805309,0.8585858585858586,,,,,,
SmartBugs-Curated,2,TACE-Macro,False,0.45,macro_f1_supported,0.3798547055586131,0.8585858585858586,0.3798547055586131,,85,0,28,1.0,0.7522123893805309,0.8585858585858586,,,,,,
SmartBugs-Curated,2,TACE-Macro,False,0.5,macro_f1_supported,0.3757574370709382,0.841025641025641,0.3757574370709382,,82,0,31,1.0,0.7256637168141593,0.841025641025641,,,,,,
SmartBugs-Curated,2,TACE-Macro,False,0.55,macro_f1_supported,0.2571052631578947,0.7303370786516854,0.2571052631578947,,65,0,48,1.0,0.5752212389380531,0.7303370786516854,,,,,,
SmartBugs-Curated,2,TACE-Macro,False,0.6,macro_f1_supported,0.19210526315789472,0.6936416184971098,0.19210526315789472,,60,0,53,1.0,0.5309734513274337,0.6936416184971098,,,,,,
SmartBugs-Curated,2,TACE-Macro,False,0.65,macro_f1_supported,0.19210526315789472,0.6936416184971098,0.19210526315789472,,60,0,53,1.0,0.5309734513274337,0.6936416184971098,,,,,,
SmartBugs-Curated,2,TACE-Macro,False,0.7,macro_f1_supported,0.19210526315789472,0.6936416184971098,0.19210526315789472,,60,0,53,1.0,0.5309734513274337,0.6936416184971098,,,,,,
SmartBugs-Curated,2,TACE-Macro,False,0.75,macro_f1_supported,0.1701540436456996,0.6219512195121951,0.1701540436456996,,51,0,62,1.0,0.45132743362831856,0.6219512195121951,,,,,,
SmartBugs-Curated,2,TACE-Macro,False,0.8,macro_f1_supported,0.09210526315789473,0.47297297297297297,0.09210526315789473,,35,0,78,1.0,0.30973451327433627,0.47297297297297297,,,,,,
SmartBugs-Curated,2,TACE-Macro,False,0.85,macro_f1_supported,0.036,0.14754098360655737,0.036,,9,0,104,1.0,0.07964601769911504,0.14754098360655737,,,,,,
SmartBugs-Curated,2,TACE-Macro,False,0.9,macro_f1_supported,0.0,0.0,0.0,,0,0,113,0.0,0.0,0.0,,,,,,
SmartBugs-Curated,2,TACE-Macro,False,0.95,macro_f1_supported,0.0,0.0,0.0,,0,0,113,0.0,0.0,0.0,,,,,,
SmartBugs-Curated,3,TACE-F1,False,0.05,micro_f1,0.6210826210826211,0.6210826210826211,0.511802100305451,,109,126,7,0.46382978723404256,0.9396551724137931,0.6210826210826211,,,,,,
SmartBugs-Curated,3,TACE-F1,False,0.1,micro_f1,0.8416988416988417,0.8416988416988417,0.6484475806451613,,109,34,7,0.7622377622377622,0.9396551724137931,0.8416988416988417,,,,,,
SmartBugs-Curated,3,TACE-F1,False,0.15,micro_f1,0.8796680497925311,0.8796680497925311,0.65887348868075,,106,19,10,0.848,0.9137931034482759,0.8796680497925311,,,,,,
SmartBugs-Curated,3,TACE-F1,True,0.2,micro_f1,0.9464285714285714,0.9464285714285714,0.6794056753136036,,106,2,10,0.9814814814814815,0.9137931034482759,0.9464285714285714,,,,,,
SmartBugs-Curated,3,TACE-F1,False,0.25,micro_f1,0.9454545454545454,0.9454545454545454,0.651207729468599,,104,0,12,1.0,0.896551724137931,0.9454545454545454,,,,,,
SmartBugs-Curated,3,TACE-F1,False,0.3,micro_f1,0.9454545454545454,0.9454545454545454,0.651207729468599,,104,0,12,1.0,0.896551724137931,0.9454545454545454,,,,,,
SmartBugs-Curated,3,TACE-F1,False,0.35,micro_f1,0.9158878504672897,0.9158878504672897,0.5178743961352656,,98,0,18,1.0,0.8448275862068966,0.9158878504672897,,,,,,
SmartBugs-Curated,3,TACE-F1,False,0.4,micro_f1,0.8792270531400966,0.8792270531400966,0.45356463182550144,,91,0,25,1.0,0.7844827586206896,0.8792270531400966,,,,,,
SmartBugs-Curated,3,TACE-F1,False,0.45,micro_f1,0.8571428571428571,0.8571428571428571,0.3808373590982287,,87,0,29,1.0,0.75,0.8571428571428571,,,,,,
SmartBugs-Curated,3,TACE-F1,False,0.5,micro_f1,0.84,0.84,0.3768487551096247,,84,0,32,1.0,0.7241379310344828,0.84,,,,,,
SmartBugs-Curated,3,TACE-F1,False,0.55,micro_f1,0.7916666666666666,0.7916666666666666,0.32119658119658123,,76,0,40,1.0,0.6551724137931034,0.7916666666666666,,,,,,
SmartBugs-Curated,3,TACE-F1,False,0.6,micro_f1,0.6892655367231638,0.6892655367231638,0.19230769230769232,,61,0,55,1.0,0.5258620689655172,0.6892655367231638,,,,,,
SmartBugs-Curated,3,TACE-F1,False,0.65,micro_f1,0.6892655367231638,0.6892655367231638,0.19230769230769232,,61,0,55,1.0,0.5258620689655172,0.6892655367231638,,,,,,
SmartBugs-Curated,3,TACE-F1,False,0.7,micro_f1,0.6892655367231638,0.6892655367231638,0.19230769230769232,,61,0,55,1.0,0.5258620689655172,0.6892655367231638,,,,,,
SmartBugs-Curated,3,TACE-F1,False,0.75,micro_f1,0.6190476190476191,0.6190476190476191,0.1703564727954972,,52,0,64,1.0,0.4482758620689655,0.6190476190476191,,,,,,
SmartBugs-Curated,3,TACE-F1,False,0.8,micro_f1,0.47368421052631576,0.47368421052631576,0.09230769230769231,,36,0,80,1.0,0.3103448275862069,0.47368421052631576,,,,,,
SmartBugs-Curated,3,TACE-F1,False,0.85,micro_f1,0.0,0.0,0.0,,0,0,116,0.0,0.0,0.0,,,,,,
SmartBugs-Curated,3,TACE-F1,False,0.9,micro_f1,0.0,0.0,0.0,,0,0,116,0.0,0.0,0.0,,,,,,
SmartBugs-Curated,3,TACE-F1,False,0.95,micro_f1,0.0,0.0,0.0,,0,0,116,0.0,0.0,0.0,,,,,,
SmartBugs-Curated,3,TACE-Macro,False,0.05,macro_f1_supported,0.5363772637041438,0.6264367816091954,0.5363772637041438,,109,123,7,0.4698275862068966,0.9396551724137931,0.6264367816091954,,,,,,
SmartBugs-Curated,3,TACE-Macro,False,0.1,macro_f1_supported,0.6580418788907754,0.8650793650793651,0.6580418788907754,,109,27,7,0.8014705882352942,0.9396551724137931,0.8650793650793651,,,,,,
SmartBugs-Curated,3,TACE-Macro,False,0.15,macro_f1_supported,0.6637315935388549,0.8870292887029289,0.6637315935388549,,106,17,10,0.8617886178861789,0.9137931034482759,0.8870292887029289,,,,,,
SmartBugs-Curated,3,TACE-Macro,True,0.2,macro_f1_supported,0.6825802784882069,0.9506726457399103,0.6825802784882069,,106,1,10,0.9906542056074766,0.9137931034482759,0.9506726457399103,,,,,,
SmartBugs-Curated,3,TACE-Macro,False,0.25,macro_f1_supported,0.651207729468599,0.9454545454545454,0.651207729468599,,104,0,12,1.0,0.896551724137931,0.9454545454545454,,,,,,
SmartBugs-Curated,3,TACE-Macro,False,0.3,macro_f1_supported,0.651207729468599,0.9454545454545454,0.651207729468599,,104,0,12,1.0,0.896551724137931,0.9454545454545454,,,,,,
SmartBugs-Curated,3,TACE-Macro,False,0.35,macro_f1_supported,0.5178743961352656,0.9158878504672897,0.5178743961352656,,98,0,18,1.0,0.8448275862068966,0.9158878504672897,,,,,,
SmartBugs-Curated,3,TACE-Macro,False,0.4,macro_f1_supported,0.45356463182550144,0.8792270531400966,0.45356463182550144,,91,0,25,1.0,0.7844827586206896,0.8792270531400966,,,,,,
SmartBugs-Curated,3,TACE-Macro,False,0.45,macro_f1_supported,0.37821194887788173,0.845771144278607,0.37821194887788173,,85,0,31,1.0,0.7327586206896551,0.845771144278607,,,,,,
SmartBugs-Curated,3,TACE-Macro,False,0.5,macro_f1_supported,0.3768487551096247,0.84,0.3768487551096247,,84,0,32,1.0,0.7241379310344828,0.84,,,,,,
SmartBugs-Curated,3,TACE-Macro,False,0.55,macro_f1_supported,0.32119658119658123,0.7916666666666666,0.32119658119658123,,76,0,40,1.0,0.6551724137931034,0.7916666666666666,,,,,,
SmartBugs-Curated,3,TACE-Macro,False,0.6,macro_f1_supported,0.19230769230769232,0.6892655367231638,0.19230769230769232,,61,0,55,1.0,0.5258620689655172,0.6892655367231638,,,,,,
SmartBugs-Curated,3,TACE-Macro,False,0.65,macro_f1_supported,0.19230769230769232,0.6892655367231638,0.19230769230769232,,61,0,55,1.0,0.5258620689655172,0.6892655367231638,,,,,,
SmartBugs-Curated,3,TACE-Macro,False,0.7,macro_f1_supported,0.19230769230769232,0.6892655367231638,0.19230769230769232,,61,0,55,1.0,0.5258620689655172,0.6892655367231638,,,,,,
SmartBugs-Curated,3,TACE-Macro,False,0.75,macro_f1_supported,0.1703564727954972,0.6190476190476191,0.1703564727954972,,52,0,64,1.0,0.4482758620689655,0.6190476190476191,,,,,,
SmartBugs-Curated,3,TACE-Macro,False,0.8,macro_f1_supported,0.09230769230769231,0.47368421052631576,0.09230769230769231,,36,0,80,1.0,0.3103448275862069,0.47368421052631576,,,,,,
SmartBugs-Curated,3,TACE-Macro,False,0.85,macro_f1_supported,0.0,0.0,0.0,,0,0,116,0.0,0.0,0.0,,,,,,
SmartBugs-Curated,3,TACE-Macro,False,0.9,macro_f1_supported,0.0,0.0,0.0,,0,0,116,0.0,0.0,0.0,,,,,,
SmartBugs-Curated,3,TACE-Macro,False,0.95,macro_f1_supported,0.0,0.0,0.0,,0,0,116,0.0,0.0,0.0,,,,,,
SmartBugs-Curated,4,TACE-F1,False,0.05,micro_f1,0.6210826210826211,0.6210826210826211,0.5884696274524863,,109,128,5,0.459915611814346,0.956140350877193,0.6210826210826211,,,,,,
SmartBugs-Curated,4,TACE-F1,False,0.1,micro_f1,0.8104089219330854,0.8104089219330854,0.7131748469375752,,109,46,5,0.7032258064516129,0.956140350877193,0.8104089219330854,,,,,,
SmartBugs-Curated,4,TACE-F1,False,0.15,micro_f1,0.9152542372881356,0.9152542372881356,0.7523797624997025,,108,14,6,0.8852459016393442,0.9473684210526315,0.9152542372881356,,,,,,
SmartBugs-Curated,4,TACE-F1,True,0.2,micro_f1,0.968609865470852,0.968609865470852,0.771767710915784,,108,1,6,0.9908256880733946,0.9473684210526315,0.968609865470852,,,,,,
SmartBugs-Curated,4,TACE-F1,False,0.25,micro_f1,0.9541284403669725,0.9541284403669725,0.6998722860791826,,104,0,10,1.0,0.9122807017543859,0.9541284403669725,,,,,,
SmartBugs-Curated,4,TACE-F1,False,0.3,micro_f1,0.9541284403669725,0.9541284403669725,0.6998722860791826,,104,0,10,1.0,0.9122807017543859,0.9541284403669725,,,,,,
SmartBugs-Curated,4,TACE-F1,False,0.35,micro_f1,0.9345794392523364,0.9345794392523364,0.5517241379310345,,100,0,14,1.0,0.8771929824561403,0.9345794392523364,,,,,,
SmartBugs-Curated,4,TACE-F1,False,0.4,micro_f1,0.9038461538461539,0.9038461538461539,0.5173058812905557,,94,0,20,1.0,0.8245614035087719,0.9038461538461539,,,,,,
SmartBugs-Curated,4,TACE-F1,False,0.45,micro_f1,0.8823529411764706,0.8823529411764706,0.43649780048247483,,90,0,24,1.0,0.7894736842105263,0.8823529411764706,,,,,,
SmartBugs-Curated,4,TACE-F1,False,0.5,micro_f1,0.8712871287128713,0.8712871287128713,0.43358067801542266,,88,0,26,1.0,0.7719298245614035,0.8712871287128713,,,,,,
SmartBugs-Curated,4,TACE-F1,False,0.55,micro_f1,0.86,0.86,0.4305120167189133,,86,0,28,1.0,0.7543859649122807,0.86,,,,,,
SmartBugs-Curated,4,TACE-F1,False,0.6,micro_f1,0.7191011235955056,0.7191011235955056,0.2589048378522063,,64,0,50,1.0,0.5614035087719298,0.7191011235955056,,,,,,
SmartBugs-Curated,4,TACE-F1,False,0.65,micro_f1,0.6896551724137931,0.6896551724137931,0.21212121212121213,,60,0,54,1.0,0.5263157894736842,0.6896551724137931,,,,,,
SmartBugs-Curated,4,TACE-F1,False,0.7,micro_f1,0.6896551724137931,0.6896551724137931,0.21212121212121213,,60,0,54,1.0,0.5263157894736842,0.6896551724137931,,,,,,
SmartBugs-Curated,4,TACE-F1,False,0.75,micro_f1,0.6181818181818182,0.6181818181818182,0.18773096821877308,,51,0,63,1.0,0.4473684210526316,0.6181818181818182,,,,,,
SmartBugs-Curated,4,TACE-F1,False,0.8,micro_f1,0.4697986577181208,0.4697986577181208,0.10101010101010101,,35,0,79,1.0,0.30701754385964913,0.4697986577181208,,,,,,
SmartBugs-Curated,4,TACE-F1,False,0.85,micro_f1,0.0,0.0,0.0,,0,0,114,0.0,0.0,0.0,,,,,,
SmartBugs-Curated,4,TACE-F1,False,0.9,micro_f1,0.0,0.0,0.0,,0,0,114,0.0,0.0,0.0,,,,,,
SmartBugs-Curated,4,TACE-F1,False,0.95,micro_f1,0.0,0.0,0.0,,0,0,114,0.0,0.0,0.0,,,,,,
SmartBugs-Curated,4,TACE-Macro,False,0.05,macro_f1_supported,0.585755871384757,0.6246418338108882,0.585755871384757,,109,126,5,0.46382978723404256,0.956140350877193,0.6246418338108882,,,,,,
SmartBugs-Curated,4,TACE-Macro,False,0.1,macro_f1_supported,0.7316580156554856,0.8416988416988417,0.7316580156554856,,109,36,5,0.7517241379310344,0.956140350877193,0.8416988416988417,,,,,,
SmartBugs-Curated,4,TACE-Macro,False,0.15,macro_f1_supported,0.7445767195767196,0.8962655601659751,0.7445767195767196,,108,19,6,0.8503937007874016,0.9473684210526315,0.8962655601659751,,,,,,
SmartBugs-Curated,4,TACE-Macro,True,0.2,macro_f1_supported,0.7660968660968661,0.96,0.7660968660968661,,108,3,6,0.972972972972973,0.9473684210526315,0.96,,,,,,
SmartBugs-Curated,4,TACE-Macro,False,0.25,macro_f1_supported,0.6998722860791826,0.9541284403669725,0.6998722860791826,,104,0,10,1.0,0.9122807017543859,0.9541284403669725,,,,,,
SmartBugs-Curated,4,TACE-Macro,False,0.3,macro_f1_supported,0.6998722860791826,0.9541284403669725,0.6998722860791826,,104,0,10,1.0,0.9122807017543859,0.9541284403669725,,,,,,
SmartBugs-Curated,4,TACE-Macro,False,0.35,macro_f1_supported,0.5517241379310345,0.9345794392523364,0.5517241379310345,,100,0,14,1.0,0.8771929824561403,0.9345794392523364,,,,,,
SmartBugs-Curated,4,TACE-Macro,False,0.4,macro_f1_supported,0.5173058812905557,0.9038461538461539,0.5173058812905557,,94,0,20,1.0,0.8245614035087719,0.9038461538461539,,,,,,
SmartBugs-Curated,4,TACE-Macro,False,0.45,macro_f1_supported,0.4320660182729148,0.8656716417910447,0.4320660182729148,,87,0,27,1.0,0.7631578947368421,0.8656716417910447,,,,,,
SmartBugs-Curated,4,TACE-Macro,False,0.5,macro_f1_supported,0.4320660182729148,0.8656716417910447,0.4320660182729148,,87,0,27,1.0,0.7631578947368421,0.8656716417910447,,,,,,
SmartBugs-Curated,4,TACE-Macro,False,0.55,macro_f1_supported,0.4305120167189133,0.86,0.4305120167189133,,86,0,28,1.0,0.7543859649122807,0.86,,,,,,
SmartBugs-Curated,4,TACE-Macro,False,0.6,macro_f1_supported,0.2589048378522063,0.7191011235955056,0.2589048378522063,,64,0,50,1.0,0.5614035087719298,0.7191011235955056,,,,,,
SmartBugs-Curated,4,TACE-Macro,False,0.65,macro_f1_supported,0.21212121212121213,0.6896551724137931,0.21212121212121213,,60,0,54,1.0,0.5263157894736842,0.6896551724137931,,,,,,
SmartBugs-Curated,4,TACE-Macro,False,0.7,macro_f1_supported,0.21212121212121213,0.6896551724137931,0.21212121212121213,,60,0,54,1.0,0.5263157894736842,0.6896551724137931,,,,,,
SmartBugs-Curated,4,TACE-Macro,False,0.75,macro_f1_supported,0.18773096821877308,0.6181818181818182,0.18773096821877308,,51,0,63,1.0,0.4473684210526316,0.6181818181818182,,,,,,
SmartBugs-Curated,4,TACE-Macro,False,0.8,macro_f1_supported,0.10101010101010101,0.4697986577181208,0.10101010101010101,,35,0,79,1.0,0.30701754385964913,0.4697986577181208,,,,,,
SmartBugs-Curated,4,TACE-Macro,False,0.85,macro_f1_supported,0.0,0.0,0.0,,0,0,114,0.0,0.0,0.0,,,,,,
SmartBugs-Curated,4,TACE-Macro,False,0.9,macro_f1_supported,0.0,0.0,0.0,,0,0,114,0.0,0.0,0.0,,,,,,
SmartBugs-Curated,4,TACE-Macro,False,0.95,macro_f1_supported,0.0,0.0,0.0,,0,0,114,0.0,0.0,0.0,,,,,,
ScrawlD,0,TACE-F1,False,0.05,micro_f1,0.48783500061751267,0.48783500061751267,0.2675775062242735,,5925,12304,137,0.32503154314553734,0.9774001979544704,0.48783500061751267,,,,,,
ScrawlD,0,TACE-F1,False,0.1,micro_f1,0.5270731482335578,0.5270731482335578,0.2647418646944674,,5714,9906,348,0.36581306017925735,0.9425932035631804,0.5270731482335578,,,,,,
ScrawlD,0,TACE-F1,False,0.15,micro_f1,0.5437792559743779,0.5437792559743779,0.2582246703666161,,5518,8715,544,0.3876905782336823,0.9102606400527878,0.5437792559743779,,,,,,
ScrawlD,0,TACE-F1,False,0.2,micro_f1,0.586226238703646,0.586226238703646,0.22106421389581635,,4703,5280,1359,0.4711008714815186,0.7758165621906962,0.586226238703646,,,,,,
ScrawlD,0,TACE-F1,False,0.25,micro_f1,0.5970267070122353,0.5970267070122353,0.18973108213792172,,4538,4602,1524,0.49649890590809626,0.7485978225008248,0.5970267070122353,,,,,,
ScrawlD,0,TACE-F1,True,0.3,micro_f1,0.600954181294446,0.600954181294446,0.1440214802097887,,3338,1709,2724,0.6613829998018625,0.5506433520290334,0.600954181294446,,,,,,
ScrawlD,0,TACE-F1,False,0.35,micro_f1,0.5977503021288463,0.5977503021288463,0.12705904581748037,,3215,1480,2847,0.6847710330138446,0.5303530188056746,0.5977503021288463,,,,,,
ScrawlD,0,TACE-F1,False,0.4,micro_f1,0.5945893905843843,0.5945893905843843,0.11781088453541386,,3088,1237,2974,0.7139884393063584,0.5094028373474101,0.5945893905843843,,,,,,
ScrawlD,0,TACE-F1,False,0.45,micro_f1,0.5945893905843843,0.5945893905843843,0.11781088453541386,,3088,1237,2974,0.7139884393063584,0.5094028373474101,0.5945893905843843,,,,,,
ScrawlD,0,TACE-F1,False,0.5,micro_f1,0.5945893905843843,0.5945893905843843,0.11781088453541386,,3088,1237,2974,0.7139884393063584,0.5094028373474101,0.5945893905843843,,,,,,
ScrawlD,0,TACE-F1,False,0.55,micro_f1,0.5945893905843843,0.5945893905843843,0.11781088453541386,,3088,1237,2974,0.7139884393063584,0.5094028373474101,0.5945893905843843,,,,,,
ScrawlD,0,TACE-F1,False,0.6,micro_f1,0.5945893905843843,0.5945893905843843,0.11781088453541386,,3088,1237,2974,0.7139884393063584,0.5094028373474101,0.5945893905843843,,,,,,
ScrawlD,0,TACE-F1,False,0.65,micro_f1,0.5768396133359637,0.5768396133359637,0.11539068666140488,,2924,1152,3138,0.7173699705593719,0.48234905971626524,0.5768396133359637,,,,,,
ScrawlD,0,TACE-F1,False,0.7,micro_f1,0.5698045472676506,0.5698045472676506,0.11448607493488279,,2857,1109,3205,0.7203731719616743,0.4712966017815902,0.5698045472676506,,,,,,
ScrawlD,0,TACE-F1,False,0.75,micro_f1,0.0019769357495881385,0.0019769357495881385,0.0005404431633939831,,6,2,6056,0.75,0.0009897723523589574,0.0019769357495881385,,,,,,
ScrawlD,0,TACE-F1,False,0.8,micro_f1,0.0,0.0,0.0,,0,0,6062,0.0,0.0,0.0,,,,,,
ScrawlD,0,TACE-F1,False,0.85,micro_f1,0.0,0.0,0.0,,0,0,6062,0.0,0.0,0.0,,,,,,
ScrawlD,0,TACE-F1,False,0.9,micro_f1,0.0,0.0,0.0,,0,0,6062,0.0,0.0,0.0,,,,,,
ScrawlD,0,TACE-F1,False,0.95,micro_f1,0.0,0.0,0.0,,0,0,6062,0.0,0.0,0.0,,,,,,
ScrawlD,0,TACE-Macro,True,0.05,macro_f1_supported,0.28181674166123233,0.48767438989258816,0.28181674166123233,,5925,12312,137,0.324888962000329,0.9774001979544704,0.48767438989258816,,,,,,
ScrawlD,0,TACE-Macro,False,0.1,macro_f1_supported,0.26473559570334243,0.5275699639789415,0.26473559570334243,,5712,9880,350,0.366341713699333,0.9422632794457275,0.5275699639789415,,,,,,
ScrawlD,0,TACE-Macro,False,0.15,macro_f1_supported,0.2610523912365815,0.5369043612059432,0.2610523912365815,,5583,9152,479,0.37889379029521547,0.9209831738700099,0.5369043612059432,,,,,,
ScrawlD,0,TACE-Macro,False,0.2,macro_f1_supported,0.2076565868746179,0.5929853702165719,0.2076565868746179,,4641,4950,1421,0.48389114795120425,0.7655889145496536,0.5929853702165719,,,,,,
ScrawlD,0,TACE-Macro,False,0.25,macro_f1_supported,0.19748533438656887,0.5965530748139444,0.19748533438656887,,4569,4687,1493,0.4936257562662057,0.7537116463213461,0.5965530748139444,,,,,,
ScrawlD,0,TACE-Macro,False,0.3,macro_f1_supported,0.1439139857493434,0.6013519603424966,0.1439139857493434,,3336,1697,2726,0.6628253526723624,0.5503134279115803,0.6013519603424966,,,,,,
ScrawlD,0,TACE-Macro,False,0.35,macro_f1_supported,0.1174788823911631,0.5973192373041344,0.1174788823911631,,3164,1368,2898,0.6981465136804943,0.5219399538106235,0.5973192373041344,,,,,,
ScrawlD,0,TACE-Macro,False,0.4,macro_f1_supported,0.11781088453541386,0.5945893905843843,0.11781088453541386,,3088,1237,2974,0.7139884393063584,0.5094028373474101,0.5945893905843843,,,,,,
ScrawlD,0,TACE-Macro,False,0.45,macro_f1_supported,0.11781088453541386,0.5945893905843843,0.11781088453541386,,3088,1237,2974,0.7139884393063584,0.5094028373474101,0.5945893905843843,,,,,,
ScrawlD,0,TACE-Macro,False,0.5,macro_f1_supported,0.11781088453541386,0.5945893905843843,0.11781088453541386,,3088,1237,2974,0.7139884393063584,0.5094028373474101,0.5945893905843843,,,,,,
ScrawlD,0,TACE-Macro,False,0.55,macro_f1_supported,0.11781088453541386,0.5945893905843843,0.11781088453541386,,3088,1237,2974,0.7139884393063584,0.5094028373474101,0.5945893905843843,,,,,,
ScrawlD,0,TACE-Macro,False,0.6,macro_f1_supported,0.11781088453541386,0.5945893905843843,0.11781088453541386,,3088,1237,2974,0.7139884393063584,0.5094028373474101,0.5945893905843843,,,,,,
ScrawlD,0,TACE-Macro,False,0.65,macro_f1_supported,0.11545366662063251,0.5771772364138475,0.11545366662063251,,2926,1151,3136,0.7176845719892078,0.48267898383371827,0.5771772364138475,,,,,,
ScrawlD,0,TACE-Macro,False,0.7,macro_f1_supported,0.11453409181956574,0.5700897308075773,0.11453409181956574,,2859,1109,3203,0.7205141129032258,0.47162652589904325,0.5700897308075773,,,,,,
ScrawlD,0,TACE-Macro,False,0.75,macro_f1_supported,0.0003605227579990987,0.0013183915622940012,0.0003605227579990987,,4,2,6058,0.6666666666666666,0.0006598482349059716,0.0013183915622940012,,,,,,
ScrawlD,0,TACE-Macro,False,0.8,macro_f1_supported,0.0003605227579990987,0.0013183915622940012,0.0003605227579990987,,4,2,6058,0.6666666666666666,0.0006598482349059716,0.0013183915622940012,,,,,,
ScrawlD,0,TACE-Macro,False,0.85,macro_f1_supported,0.0,0.0,0.0,,0,0,6062,0.0,0.0,0.0,,,,,,
ScrawlD,0,TACE-Macro,False,0.9,macro_f1_supported,0.0,0.0,0.0,,0,0,6062,0.0,0.0,0.0,,,,,,
ScrawlD,0,TACE-Macro,False,0.95,macro_f1_supported,0.0,0.0,0.0,,0,0,6062,0.0,0.0,0.0,,,,,,
ScrawlD,1,TACE-F1,False,0.05,micro_f1,0.48695723280726144,0.48695723280726144,0.31722297521966814,,5955,12425,123,0.32399347116430904,0.9797630799605134,0.48695723280726144,,,,,,
ScrawlD,1,TACE-F1,False,0.1,micro_f1,0.5277611390130397,0.5277611390130397,0.30078621823162155,,5727,9898,351,0.366528,0.9422507403751234,0.5277611390130397,,,,,,
ScrawlD,1,TACE-F1,False,0.15,micro_f1,0.5451948179892616,0.5451948179892616,0.26146292481007677,,5534,8689,544,0.3890880967447093,0.9104968739717012,0.5451948179892616,,,,,,
ScrawlD,1,TACE-F1,False,0.2,micro_f1,0.5884102881933685,0.5884102881933685,0.2369891601539564,,4747,5310,1331,0.47200954559013625,0.7810134912800263,0.5884102881933685,,,,,,
ScrawlD,1,TACE-F1,False,0.25,micro_f1,0.5958667448986245,0.5958667448986245,0.19583493194055976,,4570,4691,1508,0.4934672281611057,0.7518920697597894,0.5958667448986245,,,,,,
ScrawlD,1,TACE-F1,True,0.3,micro_f1,0.6021602160216022,0.6021602160216022,0.14475166830024033,,3345,1687,2733,0.6647456279809221,0.5503455083909181,0.6021602160216022,,,,,,
ScrawlD,1,TACE-F1,False,0.35,micro_f1,0.5993788819875776,0.5993788819875776,0.13655612953250576,,3281,1589,2797,0.6737166324435319,0.5398157288581771,0.5993788819875776,,,,,,
ScrawlD,1,TACE-F1,False,0.4,micro_f1,0.5949499761791329,0.5949499761791329,0.11760052735662492,,3122,1295,2956,0.7068145800316957,0.5136558078315235,0.5949499761791329,,,,,,
ScrawlD,1,TACE-F1,False,0.45,micro_f1,0.594376739276461,0.594376739276461,0.1178081670692508,,3097,1246,2981,0.7131015427124108,0.5095426127015465,0.594376739276461,,,,,,
ScrawlD,1,TACE-F1,False,0.5,micro_f1,0.594376739276461,0.594376739276461,0.1178081670692508,,3097,1246,2981,0.7131015427124108,0.5095426127015465,0.594376739276461,,,,,,
ScrawlD,1,TACE-F1,False,0.55,micro_f1,0.594376739276461,0.594376739276461,0.1178081670692508,,3097,1246,2981,0.7131015427124108,0.5095426127015465,0.594376739276461,,,,,,
ScrawlD,1,TACE-F1,False,0.6,micro_f1,0.5846930846930847,0.5846930846930847,0.11643650148930408,,3010,1208,3068,0.7136083451872925,0.4952286936492267,0.5846930846930847,,,,,,
ScrawlD,1,TACE-F1,False,0.65,micro_f1,0.5715703791939647,0.5715703791939647,0.11482013240807211,,2879,1117,3199,0.7204704704704705,0.4736755511681474,0.5715703791939647,,,,,,
ScrawlD,1,TACE-F1,False,0.7,micro_f1,0.5714285714285714,0.5714285714285714,0.11479627450589337,,2878,1117,3200,0.7204005006257822,0.4735110233629483,0.5714285714285714,,,,,,
ScrawlD,1,TACE-F1,False,0.75,micro_f1,0.004922874958976042,0.004922874958976042,0.001346015793251974,,15,1,6063,0.9375,0.0024679170779861796,0.004922874958976042,,,,,,
ScrawlD,1,TACE-F1,False,0.8,micro_f1,0.0023003614853762734,0.0023003614853762734,0.0006297229219143577,,7,1,6071,0.875,0.0011516946363935505,0.0023003614853762734,,,,,,
ScrawlD,1,TACE-F1,False,0.85,micro_f1,0.0013151405556468849,0.0013151405556468849,0.00036018189185538696,,4,1,6074,0.8,0.0006581112207963146,0.0013151405556468849,,,,,,
ScrawlD,1,TACE-F1,False,0.9,micro_f1,0.0,0.0,0.0,,0,0,6078,0.0,0.0,0.0,,,,,,
ScrawlD,1,TACE-F1,False,0.95,micro_f1,0.0,0.0,0.0,,0,0,6078,0.0,0.0,0.0,,,,,,
ScrawlD,1,TACE-Macro,True,0.05,macro_f1_supported,0.31704964660000723,0.48622167789344767,0.31704964660000723,,5955,12462,123,0.3233425639354944,0.9797630799605134,0.48622167789344767,,,,,,
ScrawlD,1,TACE-Macro,False,0.1,macro_f1_supported,0.3008369147223736,0.5273521969174143,0.3008369147223736,,5731,9926,347,0.3660343616273871,0.9429088515959198,0.5273521969174143,,,,,,
ScrawlD,1,TACE-Macro,False,0.15,macro_f1_supported,0.27380331199162494,0.5454903505317054,0.27380331199162494,,5540,8694,538,0.3892089363495855,0.9114840408028957,0.5454903505317054,,,,,,
ScrawlD,1,TACE-Macro,False,0.2,macro_f1_supported,0.23608503328130004,0.5883228888751009,0.23608503328130004,,4741,5298,1337,0.47225819304711625,0.7800263244488318,0.5883228888751009,,,,,,
ScrawlD,1,TACE-Macro,False,0.25,macro_f1_supported,0.1953673754211688,0.5958251793868232,0.1953673754211688,,4567,4685,1511,0.493623000432339,0.7513984863441922,0.5958251793868232,,,,,,
ScrawlD,1,TACE-Macro,False,0.3,macro_f1_supported,0.14461219859947147,0.6020343865334413,0.14461219859947147,,3344,1687,2734,0.6646789902603856,0.550180980585719,0.6020343865334413,,,,,,
ScrawlD,1,TACE-Macro,False,0.35,macro_f1_supported,0.1446191463625889,0.6024508920526221,0.1446191463625889,,3343,1677,2735,0.6659362549800797,0.5500164527805199,0.6024508920526221,,,,,,
ScrawlD,1,TACE-Macro,False,0.4,macro_f1_supported,0.11759168612094284,0.5949704705658221,0.11759168612094284,,3123,1297,2955,0.7065610859728507,0.5138203356367226,0.5949704705658221,,,,,,
ScrawlD,1,TACE-Macro,False,0.45,macro_f1_supported,0.1178081670692508,0.594376739276461,0.1178081670692508,,3097,1246,2981,0.7131015427124108,0.5095426127015465,0.594376739276461,,,,,,
ScrawlD,1,TACE-Macro,False,0.5,macro_f1_supported,0.1178081670692508,0.594376739276461,0.1178081670692508,,3097,1246,2981,0.7131015427124108,0.5095426127015465,0.594376739276461,,,,,,
ScrawlD,1,TACE-Macro,False,0.55,macro_f1_supported,0.1178081670692508,0.594376739276461,0.1178081670692508,,3097,1246,2981,0.7131015427124108,0.5095426127015465,0.594376739276461,,,,,,
ScrawlD,1,TACE-Macro,False,0.6,macro_f1_supported,0.11767619047619048,0.5934678194044188,0.11767619047619048,,3089,1243,2989,0.7130655586334257,0.508226390259954,0.5934678194044188,,,,,,
ScrawlD,1,TACE-Macro,False,0.65,macro_f1_supported,0.11488344291691573,0.5720238095238095,0.11488344291691573,,2883,1119,3195,0.7203898050974513,0.47433366238894376,0.5720238095238095,,,,,,
ScrawlD,1,TACE-Macro,False,0.7,macro_f1_supported,0.1148596138134428,0.5718821311638059,0.1148596138134428,,2882,1119,3196,0.720319920019995,0.47416913458374466,0.5718821311638059,,,,,,
ScrawlD,1,TACE-Macro,False,0.75,macro_f1_supported,0.001346015793251974,0.004922874958976042,0.001346015793251974,,15,1,6063,0.9375,0.0024679170779861796,0.004922874958976042,,,,,,
ScrawlD,1,TACE-Macro,False,0.8,macro_f1_supported,0.001346015793251974,0.004922874958976042,0.001346015793251974,,15,1,6063,0.9375,0.0024679170779861796,0.004922874958976042,,,,,,
ScrawlD,1,TACE-Macro,False,0.85,macro_f1_supported,0.0005399325084364454,0.001972062448644207,0.0005399325084364454,,6,1,6072,0.8571428571428571,0.0009871668311944718,0.001972062448644207,,,,,,
ScrawlD,1,TACE-Macro,False,0.9,macro_f1_supported,0.0,0.0,0.0,,0,0,6078,0.0,0.0,0.0,,,,,,
ScrawlD,1,TACE-Macro,False,0.95,macro_f1_supported,0.0,0.0,0.0,,0,0,6078,0.0,0.0,0.0,,,,,,
ScrawlD,2,TACE-F1,False,0.05,micro_f1,0.488749948582946,0.488749948582946,0.29964531284803847,,5941,12296,133,0.3257662992816801,0.9781033915047744,0.488749948582946,,,,,,
ScrawlD,2,TACE-F1,False,0.1,micro_f1,0.5266160570508397,0.5266160570508397,0.29745407607347424,,5723,9938,351,0.3654300491667199,0.9422127099110965,0.5266160570508397,,,,,,
ScrawlD,2,TACE-F1,False,0.15,micro_f1,0.5435060466030872,0.5435060466030872,0.267998328468196,,5528,8740,546,0.38744042612839924,0.9101086598617056,0.5435060466030872,,,,,,
ScrawlD,2,TACE-F1,False,0.2,micro_f1,0.5902571554937764,0.5902571554937764,0.21829778597828225,,4671,5082,1403,0.478929560135343,0.7690154757984854,0.5902571554937764,,,,,,
ScrawlD,2,TACE-F1,False,0.25,micro_f1,0.5961751843874421,0.5961751843874421,0.1950082701123184,,4567,4680,1507,0.4938899102411593,0.7518933157721436,0.5961751843874421,,,,,,
ScrawlD,2,TACE-F1,True,0.3,micro_f1,0.6019627262086972,0.6019627262086972,0.14429836323378817,,3343,1690,2731,0.6642161732565071,0.5503786631544287,0.6019627262086972,,,,,,
ScrawlD,2,TACE-F1,False,0.35,micro_f1,0.5982159449916372,0.5982159449916372,0.1269752968684878,,3219,1469,2855,0.6866467576791809,0.5299637800460981,0.5982159449916372,,,,,,
ScrawlD,2,TACE-F1,False,0.4,micro_f1,0.5958780510969702,0.5958780510969702,0.11756108529455854,,3137,1318,2937,0.7041526374859708,0.516463615409944,0.5958780510969702,,,,,,
ScrawlD,2,TACE-F1,False,0.45,micro_f1,0.5936477382098171,0.5936477382098171,0.11772115659891211,,3084,1232,2990,0.7145505097312326,0.5077378992426737,0.5936477382098171,,,,,,
ScrawlD,2,TACE-F1,False,0.5,micro_f1,0.5936477382098171,0.5936477382098171,0.11772115659891211,,3084,1232,2990,0.7145505097312326,0.5077378992426737,0.5936477382098171,,,,,,
ScrawlD,2,TACE-F1,False,0.55,micro_f1,0.5936477382098171,0.5936477382098171,0.11772115659891211,,3084,1232,2990,0.7145505097312326,0.5077378992426737,0.5936477382098171,,,,,,
ScrawlD,2,TACE-F1,False,0.6,micro_f1,0.5936477382098171,0.5936477382098171,0.11772115659891211,,3084,1232,2990,0.7145505097312326,0.5077378992426737,0.5936477382098171,,,,,,
ScrawlD,2,TACE-F1,False,0.65,micro_f1,0.5772405660377359,0.5772405660377359,0.1154095526258915,,2937,1165,3137,0.7159921989273526,0.483536384590056,0.5772405660377359,,,,,,
ScrawlD,2,TACE-F1,False,0.7,micro_f1,0.5682951146560319,0.5682951146560319,0.1142857142857143,,2850,1106,3224,0.7204246713852376,0.4692130391834047,0.5682951146560319,,,,,,
ScrawlD,2,TACE-F1,False,0.75,micro_f1,0.00164446637066272,0.00164446637066272,0.00044980208708168405,,5,2,6069,0.7142857142857143,0.0008231807704972012,0.00164446637066272,,,,,,
ScrawlD,2,TACE-F1,False,0.8,micro_f1,0.0,0.0,0.0,,0,1,6074,0.0,0.0,0.0,,,,,,
ScrawlD,2,TACE-F1,False,0.85,micro_f1,0.0,0.0,0.0,,0,0,6074,0.0,0.0,0.0,,,,,,
ScrawlD,2,TACE-F1,False,0.9,micro_f1,0.0,0.0,0.0,,0,0,6074,0.0,0.0,0.0,,,,,,
ScrawlD,2,TACE-F1,False,0.95,micro_f1,0.0,0.0,0.0,,0,0,6074,0.0,0.0,0.0,,,,,,
ScrawlD,2,TACE-Macro,False,0.05,macro_f1_supported,0.2910809546196475,0.4889474334170337,0.2910809546196475,,5939,12280,135,0.3259783742247105,0.9777741191965755,0.4889474334170337,,,,,,
ScrawlD,2,TACE-Macro,True,0.1,macro_f1_supported,0.2975841755066124,0.526960445733757,0.2975841755066124,,5722,9921,352,0.36578661382087835,0.9420480737569971,0.526960445733757,,,,,,
ScrawlD,2,TACE-Macro,False,0.15,macro_f1_supported,0.26959729579354613,0.5441009712567174,0.26959729579354613,,5518,8691,556,0.3883454148778943,0.9084622983207112,0.5441009712567174,,,,,,
ScrawlD,2,TACE-Macro,False,0.2,macro_f1_supported,0.22694701318755414,0.5880587683651141,0.22694701318755414,,4703,5218,1371,0.47404495514565065,0.7742838327296674,0.5880587683651141,,,,,,
ScrawlD,2,TACE-Macro,False,0.25,macro_f1_supported,0.20368219506947582,0.5966729238138391,0.20368219506947582,,4609,4766,1465,0.49162666666666666,0.7588080342443201,0.5966729238138391,,,,,,
ScrawlD,2,TACE-Macro,False,0.3,macro_f1_supported,0.14428395457388546,0.6019085343896291,0.14428395457388546,,3343,1691,2731,0.6640842272546682,0.5503786631544287,0.6019085343896291,,,,,,
ScrawlD,2,TACE-Macro,False,0.35,macro_f1_supported,0.12799142892264656,0.5983857500695797,0.12799142892264656,,3225,1480,2849,0.6854410201912858,0.5309515969706947,0.5983857500695797,,,,,,
ScrawlD,2,TACE-Macro,False,0.4,macro_f1_supported,0.11756771945599641,0.5959548001139493,0.11756771945599641,,3138,1319,2936,0.7040610275970384,0.5166282515640435,0.5959548001139493,,,,,,
ScrawlD,2,TACE-Macro,False,0.45,macro_f1_supported,0.11772115659891211,0.5936477382098171,0.11772115659891211,,3084,1232,2990,0.7145505097312326,0.5077378992426737,0.5936477382098171,,,,,,
ScrawlD,2,TACE-Macro,False,0.5,macro_f1_supported,0.11772115659891211,0.5936477382098171,0.11772115659891211,,3084,1232,2990,0.7145505097312326,0.5077378992426737,0.5936477382098171,,,,,,
ScrawlD,2,TACE-Macro,False,0.55,macro_f1_supported,0.11772115659891211,0.5936477382098171,0.11772115659891211,,3084,1232,2990,0.7145505097312326,0.5077378992426737,0.5936477382098171,,,,,,
ScrawlD,2,TACE-Macro,False,0.6,macro_f1_supported,0.11757286192068801,0.5926782273603083,0.11757286192068801,,3076,1230,2998,0.7143520668834185,0.5064208100098782,0.5926782273603083,,,,,,
ScrawlD,2,TACE-Macro,False,0.65,macro_f1_supported,0.1164695177434031,0.5849863866199922,0.1164695177434031,,3008,1202,3066,0.7144893111638955,0.49522555153111625,0.5849863866199922,,,,,,
ScrawlD,2,TACE-Macro,False,0.7,macro_f1_supported,0.1142857142857143,0.5682951146560319,0.1142857142857143,,2850,1106,3224,0.7204246713852376,0.4692130391834047,0.5682951146560319,,,,,,
ScrawlD,2,TACE-Macro,False,0.75,macro_f1_supported,0.00044980208708168405,0.00164446637066272,0.00044980208708168405,,5,2,6069,0.7142857142857143,0.0008231807704972012,0.00164446637066272,,,,,,
ScrawlD,2,TACE-Macro,False,0.8,macro_f1_supported,9.010226607199171e-05,0.0003291639236339697,9.010226607199171e-05,,1,1,6073,0.5,0.00016463615409944023,0.0003291639236339697,,,,,,
ScrawlD,2,TACE-Macro,False,0.85,macro_f1_supported,0.0,0.0,0.0,,0,0,6074,0.0,0.0,0.0,,,,,,
ScrawlD,2,TACE-Macro,False,0.9,macro_f1_supported,0.0,0.0,0.0,,0,0,6074,0.0,0.0,0.0,,,,,,
ScrawlD,2,TACE-Macro,False,0.95,macro_f1_supported,0.0,0.0,0.0,,0,0,6074,0.0,0.0,0.0,,,,,,
ScrawlD,3,TACE-F1,False,0.05,micro_f1,0.4884659746251442,0.4884659746251442,0.2944422532336773,,5929,12295,123,0.32534021071115016,0.979676140118969,0.4884659746251442,,,,,,
ScrawlD,3,TACE-F1,False,0.1,micro_f1,0.5264033264033264,0.5264033264033264,0.28000387697226137,,5697,9896,355,0.3653562495991791,0.9413417052214144,0.5264033264033264,,,,,,
ScrawlD,3,TACE-F1,False,0.15,micro_f1,0.5476916920922322,0.5476916920922322,0.25698374327112594,,5475,8466,577,0.39272649020873684,0.904659616655651,0.5476916920922322,,,,,,
ScrawlD,3,TACE-F1,False,0.2,micro_f1,0.5861641457971734,0.5861641457971734,0.23077711351530691,,4728,5352,1324,0.46904761904761905,0.7812293456708526,0.5861641457971734,,,,,,
ScrawlD,3,TACE-F1,False,0.25,micro_f1,0.5969017582848553,0.5969017582848553,0.1978101099399487,,4566,4681,1486,0.4937817670595869,0.7544613350958361,0.5969017582848553,,,,,,
ScrawlD,3,TACE-F1,False,0.3,micro_f1,0.5970881727466056,0.5970881727466056,0.16403004091667833,,3650,2524,2402,0.591188856494979,0.6031064111037674,0.5970881727466056,,,,,,
ScrawlD,3,TACE-F1,True,0.35,micro_f1,0.5976555114388353,0.5976555114388353,0.1174896392796744,,3161,1365,2891,0.6984091913389306,0.5223066754791804,0.5976555114388353,,,,,,
ScrawlD,3,TACE-F1,False,0.4,micro_f1,0.5932803675696372,0.5932803675696372,0.1171821825606897,,3099,1296,2953,0.7051194539249147,0.5120621282220753,0.5932803675696372,,,,,,
ScrawlD,3,TACE-F1,False,0.45,micro_f1,0.5932803675696372,0.5932803675696372,0.1171821825606897,,3099,1296,2953,0.7051194539249147,0.5120621282220753,0.5932803675696372,,,,,,
ScrawlD,3,TACE-F1,False,0.5,micro_f1,0.5937861829409494,0.5937861829409494,0.11764256083806465,,3077,1235,2975,0.7135899814471243,0.5084269662921348,0.5937861829409494,,,,,,
ScrawlD,3,TACE-F1,False,0.55,micro_f1,0.5937861829409494,0.5937861829409494,0.11764256083806465,,3077,1235,2975,0.7135899814471243,0.5084269662921348,0.5937861829409494,,,,,,
ScrawlD,3,TACE-F1,False,0.6,micro_f1,0.5937861829409494,0.5937861829409494,0.11764256083806465,,3077,1235,2975,0.7135899814471243,0.5084269662921348,0.5937861829409494,,,,,,
ScrawlD,3,TACE-F1,False,0.65,micro_f1,0.5784130113356333,0.5784130113356333,0.11556185749734137,,2934,1159,3118,0.7168336183728317,0.4847984137475215,0.5784130113356333,,,,,,
ScrawlD,3,TACE-F1,False,0.7,micro_f1,0.5694028360295587,0.5694028360295587,0.11435791500371031,,2851,1111,3201,0.7195860676426048,0.471083939193655,0.5694028360295587,,,,,,
ScrawlD,3,TACE-F1,False,0.75,micro_f1,0.006255144032921811,0.006255144032921811,0.0017049533381191672,,19,4,6033,0.8260869565217391,0.0031394580304031725,0.006255144032921811,,,,,,
ScrawlD,3,TACE-F1,False,0.8,micro_f1,0.005601317957166392,0.005601317957166392,0.0015278838808250573,,17,1,6035,0.9444444444444444,0.0028089887640449437,0.005601317957166392,,,,,,
ScrawlD,3,TACE-F1,False,0.85,micro_f1,0.001650709805216243,0.001650709805216243,0.0004510803374080924,,5,1,6047,0.8333333333333334,0.0008261731658955717,0.001650709805216243,,,,,,
ScrawlD,3,TACE-F1,False,0.9,micro_f1,0.0,0.0,0.0,,0,0,6052,0.0,0.0,0.0,,,,,,
ScrawlD,3,TACE-F1,False,0.95,micro_f1,0.0,0.0,0.0,,0,0,6052,0.0,0.0,0.0,,,,,,
ScrawlD,3,TACE-Macro,False,0.05,macro_f1_supported,0.29531718112235056,0.48694366891115126,0.29531718112235056,,5930,12374,122,0.3239729020979021,0.979841374752148,0.48694366891115126,,,,,,
ScrawlD,3,TACE-Macro,True,0.1,macro_f1_supported,0.2979372294727609,0.5266171106699293,0.2979372294727609,,5703,9904,349,0.3654129557249952,0.942333113020489,0.5266171106699293,,,,,,
ScrawlD,3,TACE-Macro,False,0.15,macro_f1_supported,0.25771212745992644,0.546449718863512,0.25771212745992644,,5491,8554,561,0.39095763616945534,0.9073033707865169,0.546449718863512,,,,,,
ScrawlD,3,TACE-Macro,False,0.2,macro_f1_supported,0.227308689716948,0.589041095890411,0.227308689716948,,4687,5175,1365,0.47525856824173596,0.7744547257105089,0.589041095890411,,,,,,
ScrawlD,3,TACE-Macro,False,0.25,macro_f1_supported,0.19508494116224312,0.5966590239109073,0.19508494116224312,,4554,4659,1498,0.49430153044610875,0.7524785194976867,0.5966590239109073,,,,,,
ScrawlD,3,TACE-Macro,False,0.3,macro_f1_supported,0.16280074097059805,0.5942726605205189,0.16280074097059805,,3642,2563,2410,0.5869460112812248,0.6017845340383344,0.5942726605205189,,,,,,
ScrawlD,3,TACE-Macro,False,0.35,macro_f1_supported,0.1174896392796744,0.5976555114388353,0.1174896392796744,,3161,1365,2891,0.6984091913389306,0.5223066754791804,0.5976555114388353,,,,,,
ScrawlD,3,TACE-Macro,False,0.4,macro_f1_supported,0.11735831381733021,0.5956637504754659,0.11735831381733021,,3132,1332,2920,0.7016129032258065,0.5175148711169861,0.5956637504754659,,,,,,
ScrawlD,3,TACE-Macro,False,0.45,macro_f1_supported,0.11764256083806465,0.5937861829409494,0.11764256083806465,,3077,1235,2975,0.7135899814471243,0.5084269662921348,0.5937861829409494,,,,,,
ScrawlD,3,TACE-Macro,False,0.5,macro_f1_supported,0.11764256083806465,0.5937861829409494,0.11764256083806465,,3077,1235,2975,0.7135899814471243,0.5084269662921348,0.5937861829409494,,,,,,
ScrawlD,3,TACE-Macro,False,0.55,macro_f1_supported,0.11764256083806465,0.5937861829409494,0.11764256083806465,,3077,1235,2975,0.7135899814471243,0.5084269662921348,0.5937861829409494,,,,,,
ScrawlD,3,TACE-Macro,False,0.6,macro_f1_supported,0.11764256083806465,0.5937861829409494,0.11764256083806465,,3077,1235,2975,0.7135899814471243,0.5084269662921348,0.5937861829409494,,,,,,
ScrawlD,3,TACE-Macro,False,0.65,macro_f1_supported,0.11556673281332888,0.5788230663255265,0.11556673281332888,,2941,1169,3111,0.7155717761557178,0.4859550561797753,0.5788230663255265,,,,,,
ScrawlD,3,TACE-Macro,False,0.7,macro_f1_supported,0.11433385485618006,0.5692599620493358,0.11433385485618006,,2850,1111,3202,0.7195152739207271,0.47091870456047585,0.5692599620493358,,,,,,
ScrawlD,3,TACE-Macro,False,0.75,macro_f1_supported,0.001794124243103835,0.0065832784726793945,0.001794124243103835,,20,4,6032,0.8333333333333334,0.003304692663582287,0.0065832784726793945,,,,,,
ScrawlD,3,TACE-Macro,False,0.8,macro_f1_supported,0.0015278838808250573,0.005601317957166392,0.0015278838808250573,,17,1,6035,0.9444444444444444,0.0028089887640449437,0.005601317957166392,,,,,,
ScrawlD,3,TACE-Macro,False,0.85,macro_f1_supported,0.0004510803374080924,0.001650709805216243,0.0004510803374080924,,5,1,6047,0.8333333333333334,0.0008261731658955717,0.001650709805216243,,,,,,
ScrawlD,3,TACE-Macro,False,0.9,macro_f1_supported,0.0,0.0,0.0,,0,0,6052,0.0,0.0,0.0,,,,,,
ScrawlD,3,TACE-Macro,False,0.95,macro_f1_supported,0.0,0.0,0.0,,0,0,6052,0.0,0.0,0.0,,,,,,
ScrawlD,4,TACE-F1,False,0.05,micro_f1,0.4885024313854776,0.4885024313854776,0.2746404274116528,,5927,12285,127,0.32544476169558534,0.9790221341261975,0.4885024313854776,,,,,,
ScrawlD,4,TACE-F1,False,0.1,micro_f1,0.5266318658474616,0.5266318658474616,0.26396129682524894,,5700,9893,354,0.3655486436221381,0.9415262636273538,0.5266318658474616,,,,,,
ScrawlD,4,TACE-F1,False,0.15,micro_f1,0.5443162772355319,0.5443162772355319,0.2595465172147746,,5521,8711,533,0.38792861157953906,0.9119590353485298,0.5443162772355319,,,,,,
ScrawlD,4,TACE-F1,False,0.2,micro_f1,0.5856468713611571,0.5856468713611571,0.24002819318876528,,4778,5485,1276,0.4655558803468771,0.7892302609844731,0.5856468713611571,,,,,,
ScrawlD,4,TACE-F1,False,0.25,micro_f1,0.5965600680138644,0.5965600680138644,0.1963946843575027,,4561,4676,1493,0.49377503518458377,0.7533861909481334,0.5965600680138644,,,,,,
ScrawlD,4,TACE-F1,False,0.3,micro_f1,0.6036920306168393,0.6036920306168393,0.14638698502592867,,3352,1699,2702,0.6636309641655118,0.5536835150313842,0.6036920306168393,,,,,,
ScrawlD,4,TACE-F1,True,0.35,micro_f1,0.6040558810274899,0.6040558810274899,0.14638869352665948,,3351,1690,2703,0.6647490577266415,0.5535183349851338,0.6040558810274899,,,,,,
ScrawlD,4,TACE-F1,False,0.4,micro_f1,0.5948658560123529,0.5948658560123529,0.11788104800152992,,3082,1226,2972,0.7154131847725163,0.5090849025437727,0.5948658560123529,,,,,,
ScrawlD,4,TACE-F1,False,0.45,micro_f1,0.5948658560123529,0.5948658560123529,0.11788104800152992,,3082,1226,2972,0.7154131847725163,0.5090849025437727,0.5948658560123529,,,,,,
ScrawlD,4,TACE-F1,False,0.5,micro_f1,0.5948658560123529,0.5948658560123529,0.11788104800152992,,3082,1226,2972,0.7154131847725163,0.5090849025437727,0.5948658560123529,,,,,,
ScrawlD,4,TACE-F1,False,0.55,micro_f1,0.5948658560123529,0.5948658560123529,0.11788104800152992,,3082,1226,2972,0.7154131847725163,0.5090849025437727,0.5948658560123529,,,,,,
ScrawlD,4,TACE-F1,False,0.6,micro_f1,0.5938948995363215,0.5938948995363215,0.11773266947529681,,3074,1224,2980,0.7152163797114938,0.5077634621737694,0.5938948995363215,,,,,,
ScrawlD,4,TACE-F1,False,0.65,micro_f1,0.5855134713002733,0.5855134713002733,0.11654748950722836,,2999,1191,3055,0.7157517899761336,0.49537495870498843,0.5855134713002733,,,,,,
ScrawlD,4,TACE-F1,False,0.7,micro_f1,0.5691154422788606,0.5691154422788606,0.11435801650900765,,2847,1104,3207,0.7205770690964313,0.47026759167492566,0.5691154422788606,,,,,,
ScrawlD,4,TACE-F1,False,0.75,micro_f1,0.006903353057199211,0.006903353057199211,0.0018796992481203006,,21,9,6033,0.7,0.003468780971258672,0.006903353057199211,,,,,,
ScrawlD,4,TACE-F1,False,0.8,micro_f1,0.003626174386022746,0.003626174386022746,0.0009898762654668167,,11,2,6043,0.8461538461538461,0.0018169805087545426,0.003626174386022746,,,,,,
ScrawlD,4,TACE-F1,False,0.85,micro_f1,0.0,0.0,0.0,,0,0,6054,0.0,0.0,0.0,,,,,,
ScrawlD,4,TACE-F1,False,0.9,micro_f1,0.0,0.0,0.0,,0,0,6054,0.0,0.0,0.0,,,,,,
ScrawlD,4,TACE-F1,False,0.95,micro_f1,0.0,0.0,0.0,,0,0,6054,0.0,0.0,0.0,,,,,,
ScrawlD,4,TACE-Macro,True,0.05,macro_f1_supported,0.28849209051921937,0.48878258000659847,0.28849209051921937,,5926,12268,128,0.32571177311201494,0.9788569540799471,0.48878258000659847,,,,,,
ScrawlD,4,TACE-Macro,False,0.1,macro_f1_supported,0.26362116077082715,0.5265249537892791,0.26362116077082715,,5697,9889,357,0.36552033876555884,0.9410307234886026,0.5265249537892791,,,,,,
ScrawlD,4,TACE-Macro,False,0.15,macro_f1_supported,0.25806664260616335,0.5457071960297767,0.25806664260616335,,5498,8598,556,0.39003972758229283,0.9081598942847704,0.5457071960297767,,,,,,
ScrawlD,4,TACE-Macro,False,0.2,macro_f1_supported,0.2373637511843096,0.5849079605022552,0.2373637511843096,,4798,5554,1256,0.4634853168469861,0.7925338619094814,0.5849079605022552,,,,,,
ScrawlD,4,TACE-Macro,False,0.25,macro_f1_supported,0.19679976622496875,0.5963812136651643,0.19679976622496875,,4565,4690,1489,0.4932468935710427,0.7540469111331352,0.5963812136651643,,,,,,
ScrawlD,4,TACE-Macro,False,0.3,macro_f1_supported,0.14638869352665948,0.6040558810274899,0.14638869352665948,,3351,1690,2703,0.6647490577266415,0.5535183349851338,0.6040558810274899,,,,,,
ScrawlD,4,TACE-Macro,False,0.35,macro_f1_supported,0.1375080092982823,0.6006407322654462,0.1375080092982823,,3281,1590,2773,0.673578320673373,0.5419557317476049,0.6006407322654462,,,,,,
ScrawlD,4,TACE-Macro,False,0.4,macro_f1_supported,0.11754907342558064,0.5948845674873072,0.11754907342558064,,3105,1280,2949,0.7080957810718358,0.5128840436075323,0.5948845674873072,,,,,,
ScrawlD,4,TACE-Macro,False,0.45,macro_f1_supported,0.11788104800152992,0.5948658560123529,0.11788104800152992,,3082,1226,2972,0.7154131847725163,0.5090849025437727,0.5948658560123529,,,,,,
ScrawlD,4,TACE-Macro,False,0.5,macro_f1_supported,0.11788104800152992,0.5948658560123529,0.11788104800152992,,3082,1226,2972,0.7154131847725163,0.5090849025437727,0.5948658560123529,,,,,,
ScrawlD,4,TACE-Macro,False,0.55,macro_f1_supported,0.11788104800152992,0.5948658560123529,0.11788104800152992,,3082,1226,2972,0.7154131847725163,0.5090849025437727,0.5948658560123529,,,,,,
ScrawlD,4,TACE-Macro,False,0.6,macro_f1_supported,0.11788104800152992,0.5948658560123529,0.11788104800152992,,3082,1226,2972,0.7154131847725163,0.5090849025437727,0.5948658560123529,,,,,,
ScrawlD,4,TACE-Macro,False,0.65,macro_f1_supported,0.11648142020127304,0.5848890626527221,0.11648142020127304,,2992,1185,3062,0.7163035671534594,0.49421869838123555,0.5848890626527221,,,,,,
ScrawlD,4,TACE-Macro,False,0.7,macro_f1_supported,0.11439834275255929,0.5690845422711356,0.11439834275255929,,2844,1097,3210,0.721644252727734,0.4697720515361744,0.5690845422711356,,,,,,
ScrawlD,4,TACE-Macro,False,0.75,macro_f1_supported,0.0014375561545372866,0.005270092226613966,0.0014375561545372866,,16,2,6038,0.8888888888888888,0.002642880740006607,0.005270092226613966,,,,,,
ScrawlD,4,TACE-Macro,False,0.8,macro_f1_supported,0.0010795250089960418,0.003955174686882004,0.0010795250089960418,,12,2,6042,0.8571428571428571,0.0019821605550049554,0.003955174686882004,,,,,,
ScrawlD,4,TACE-Macro,False,0.85,macro_f1_supported,0.0,0.0,0.0,,0,0,6054,0.0,0.0,0.0,,,,,,
ScrawlD,4,TACE-Macro,False,0.9,macro_f1_supported,0.0,0.0,0.0,,0,0,6054,0.0,0.0,0.0,,,,,,
ScrawlD,4,TACE-Macro,False,0.95,macro_f1_supported,0.0,0.0,0.0,,0,0,6054,0.0,0.0,0.0,,,,,,
BCCC,0,TACE-F1,False,0.05,balanced_accuracy,0.5,0.6666381924571819,,0.5,7804,7805,0,0.4999679671984112,1.0,0.6666381924571819,0,0.0,1.0,0.4999679671984112,0.5,0.0
BCCC,0,TACE-F1,False,0.1,balanced_accuracy,0.5,0.6666381924571819,,0.5,7804,7805,0,0.4999679671984112,1.0,0.6666381924571819,0,0.0,1.0,0.4999679671984112,0.5,0.0
BCCC,0,TACE-F1,False,0.15,balanced_accuracy,0.5,0.6666381924571819,,0.5,7804,7805,0,0.4999679671984112,1.0,0.6666381924571819,0,0.0,1.0,0.4999679671984112,0.5,0.0
BCCC,0,TACE-F1,False,0.2,balanced_accuracy,0.5,0.6666381924571819,,0.5,7804,7805,0,0.4999679671984112,1.0,0.6666381924571819,0,0.0,1.0,0.4999679671984112,0.5,0.0
BCCC,0,TACE-F1,False,0.25,balanced_accuracy,0.4999999671647878,0.6665242469557787,,0.4999999671647878,7800,7801,4,0.49996795077238637,0.9994874423372629,0.6665242469557787,4,0.0005124919923126201,0.9994875080076874,0.4999679671984112,0.4999999671647878,-1.4507537283391154e-06
BCCC,0,TACE-F1,False,0.3,balanced_accuracy,0.4999999671647878,0.6665242469557787,,0.4999999671647878,7800,7801,4,0.49996795077238637,0.9994874423372629,0.6665242469557787,4,0.0005124919923126201,0.9994875080076874,0.4999679671984112,0.4999999671647878,-1.4507537283391154e-06
BCCC,0,TACE-F1,False,0.35,balanced_accuracy,0.5006405493199664,0.6666951725317484,,0.5006405493199664,7796,7787,8,0.5002887762305076,0.9989748846745259,0.6666951725317484,18,0.0023062139654067906,0.9976937860345932,0.5006086232301877,0.5006405493199664,0.01570780296222626
BCCC,0,TACE-F1,False,0.4,balanced_accuracy,0.5021137667865918,0.6666666666666666,,0.5021137667865918,7772,7740,32,0.501031459515214,0.9958995386981035,0.6666666666666666,65,0.008327994875080076,0.9916720051249199,0.5020821321032738,0.5021137667865918,0.026897528982688768
BCCC,0,TACE-F1,True,0.45,balanced_accuracy,0.5213242621681551,0.6455071638675396,,0.5213242621681551,6803,6471,1001,0.512505650143137,0.8717324449000513,0.6455071638675396,1334,0.1709160794362588,0.8290839205637411,0.52130181305657,0.5213242621681551,0.05978672219308632
BCCC,0,TACE-F1,False,0.5,balanced_accuracy,0.5200418337021275,0.6399115639719312,,0.5200418337021275,6657,6345,1147,0.5119981541301338,0.8530240902101487,0.6399115639719312,1460,0.18705957719410635,0.8129404228058936,0.5200205009930169,0.5200418337021275,0.05373248641055453
BCCC,0,TACE-F1,False,0.55,balanced_accuracy,0.5,0.0,,0.5,0,0,7804,0.0,0.0,0.0,7805,1.0,0.0,0.5000320328015888,0.5,0.0
BCCC,0,TACE-F1,False,0.6,balanced_accuracy,0.5,0.0,,0.5,0,0,7804,0.0,0.0,0.0,7805,1.0,0.0,0.5000320328015888,0.5,0.0
BCCC,0,TACE-F1,False,0.65,balanced_accuracy,0.5,0.0,,0.5,0,0,7804,0.0,0.0,0.0,7805,1.0,0.0,0.5000320328015888,0.5,0.0
BCCC,0,TACE-F1,False,0.7,balanced_accuracy,0.5,0.0,,0.5,0,0,7804,0.0,0.0,0.0,7805,1.0,0.0,0.5000320328015888,0.5,0.0
BCCC,0,TACE-F1,False,0.75,balanced_accuracy,0.5,0.0,,0.5,0,0,7804,0.0,0.0,0.0,7805,1.0,0.0,0.5000320328015888,0.5,0.0
BCCC,0,TACE-F1,False,0.8,balanced_accuracy,0.5,0.0,,0.5,0,0,7804,0.0,0.0,0.0,7805,1.0,0.0,0.5000320328015888,0.5,0.0
BCCC,0,TACE-F1,False,0.85,balanced_accuracy,0.5,0.0,,0.5,0,0,7804,0.0,0.0,0.0,7805,1.0,0.0,0.5000320328015888,0.5,0.0
BCCC,0,TACE-F1,False,0.9,balanced_accuracy,0.5,0.0,,0.5,0,0,7804,0.0,0.0,0.0,7805,1.0,0.0,0.5000320328015888,0.5,0.0
BCCC,0,TACE-F1,False,0.95,balanced_accuracy,0.5,0.0,,0.5,0,0,7804,0.0,0.0,0.0,7805,1.0,0.0,0.5000320328015888,0.5,0.0
BCCC,1,TACE-F1,False,0.05,balanced_accuracy,0.5,0.6666666666666666,,0.5,7805,7805,0,0.5,1.0,0.6666666666666666,0,0.0,1.0,0.5,0.5,0.0
BCCC,1,TACE-F1,False,0.1,balanced_accuracy,0.5,0.6666666666666666,,0.5,7805,7805,0,0.5,1.0,0.6666666666666666,0,0.0,1.0,0.5,0.5,0.0
BCCC,1,TACE-F1,False,0.15,balanced_accuracy,0.5,0.6666666666666666,,0.5,7805,7805,0,0.5,1.0,0.6666666666666666,0,0.0,1.0,0.5,0.5,0.0
BCCC,1,TACE-F1,False,0.2,balanced_accuracy,0.5001921844971172,0.6666381815074346,,0.5001921844971172,7801,7798,4,0.500096160010257,0.9994875080076874,0.6666381815074346,7,0.0008968609865470852,0.9991031390134529,0.5001921844971172,0.5001921844971172,0.007242300372511024
BCCC,1,TACE-F1,False,0.25,balanced_accuracy,0.5001921844971172,0.6666381815074346,,0.5001921844971172,7801,7798,4,0.500096160010257,0.9994875080076874,0.6666381815074346,7,0.0008968609865470852,0.9991031390134529,0.5001921844971172,0.5001921844971172,0.007242300372511024
BCCC,1,TACE-F1,False,0.3,balanced_accuracy,0.5019218449711723,0.6672942787453464,,0.5019218449711723,7797,7767,8,0.5009637625289128,0.9989750160153748,0.6672942787453464,38,0.004868673926969891,0.9951313260730301,0.5019218449711723,0.5019218449711723,0.035455345992552054
BCCC,1,TACE-F1,False,0.35,balanced_accuracy,0.5019218449711723,0.6672942787453464,,0.5019218449711723,7797,7767,8,0.5009637625289128,0.9989750160153748,0.6672942787453464,38,0.004868673926969891,0.9951313260730301,0.5019218449711723,0.5019218449711723,0.035455345992552054
BCCC,1,TACE-F1,False,0.4,balanced_accuracy,0.503267136450993,0.6672103004291845,,0.503267136450993,7773,7722,32,0.5016456921587609,0.995900064061499,0.6672103004291845,83,0.010634208840486867,0.9893657911595132,0.503267136450993,0.503267136450993,0.03820546286838991
BCCC,1,TACE-F1,False,0.45,balanced_accuracy,0.5118513773222293,0.6509390746678883,,0.5118513773222293,7105,6920,700,0.5065953654188948,0.9103139013452914,0.6509390746678883,885,0.1133888532991672,0.8866111467008329,0.5118513773222293,0.5118513773222293,0.039237891338776344
BCCC,1,TACE-F1,True,0.5,balanced_accuracy,0.5167200512491992,0.6375168172208341,,0.5167200512491992,6634,6373,1171,0.5100330591220112,0.8499679692504805,0.6375168172208341,1432,0.183472133247918,0.816527866752082,0.5167200512491993,0.5167200512491992,0.04485541232091611
BCCC,1,TACE-F1,False,0.55,balanced_accuracy,0.4997437540038437,0.0,,0.4997437540038437,0,4,7805,0.0,0.0,0.0,7801,0.9994875080076874,0.0005124919923126201,0.4997437540038437,0.4997437540038437,-0.016009736880935804
BCCC,1,TACE-F1,False,0.6,balanced_accuracy,0.4997437540038437,0.0,,0.4997437540038437,0,4,7805,0.0,0.0,0.0,7801,0.9994875080076874,0.0005124919923126201,0.4997437540038437,0.4997437540038437,-0.016009736880935804
BCCC,1,TACE-F1,False,0.65,balanced_accuracy,0.5,0.0,,0.5,0,0,7805,0.0,0.0,0.0,7805,1.0,0.0,0.5,0.5,0.0
BCCC,1,TACE-F1,False,0.7,balanced_accuracy,0.5,0.0,,0.5,0,0,7805,0.0,0.0,0.0,7805,1.0,0.0,0.5,0.5,0.0
BCCC,1,TACE-F1,False,0.75,balanced_accuracy,0.5,0.0,,0.5,0,0,7805,0.0,0.0,0.0,7805,1.0,0.0,0.5,0.5,0.0
BCCC,1,TACE-F1,False,0.8,balanced_accuracy,0.5,0.0,,0.5,0,0,7805,0.0,0.0,0.0,7805,1.0,0.0,0.5,0.5,0.0
BCCC,1,TACE-F1,False,0.85,balanced_accuracy,0.5,0.0,,0.5,0,0,7805,0.0,0.0,0.0,7805,1.0,0.0,0.5,0.5,0.0
BCCC,1,TACE-F1,False,0.9,balanced_accuracy,0.5,0.0,,0.5,0,0,7805,0.0,0.0,0.0,7805,1.0,0.0,0.5,0.5,0.0
BCCC,1,TACE-F1,False,0.95,balanced_accuracy,0.5,0.0,,0.5,0,0,7805,0.0,0.0,0.0,7805,1.0,0.0,0.5,0.5,0.0
BCCC,2,TACE-F1,False,0.05,balanced_accuracy,0.5,0.6666666666666666,,0.5,7805,7805,0,0.5,1.0,0.6666666666666666,0,0.0,1.0,0.5,0.5,0.0
BCCC,2,TACE-F1,False,0.1,balanced_accuracy,0.5,0.6666666666666666,,0.5,7805,7805,0,0.5,1.0,0.6666666666666666,0,0.0,1.0,0.5,0.5,0.0
BCCC,2,TACE-F1,False,0.15,balanced_accuracy,0.5,0.6666666666666666,,0.5,7805,7805,0,0.5,1.0,0.6666666666666666,0,0.0,1.0,0.5,0.5,0.0
BCCC,2,TACE-F1,False,0.2,balanced_accuracy,0.5,0.6666666666666666,,0.5,7805,7805,0,0.5,1.0,0.6666666666666666,0,0.0,1.0,0.5,0.5,0.0
BCCC,2,TACE-F1,False,0.25,balanced_accuracy,0.5003203074951954,0.6666951542603197,,0.5003203074951954,7801,7796,4,0.5001602872347246,0.9994875080076874,0.6666951542603197,9,0.0011531069827033953,0.9988468930172966,0.5003203074951954,0.5003203074951954,0.011103957531668488
BCCC,2,TACE-F1,False,0.3,balanced_accuracy,0.5008968609865471,0.6668662077222388,,0.5008968609865471,7798,7784,7,0.5004492362982929,0.9991031390134529,0.6668662077222388,21,0.0026905829596412557,0.9973094170403587,0.5008968609865471,0.5008968609865471,0.02119519516996487
BCCC,2,TACE-F1,False,0.35,balanced_accuracy,0.501665598975016,0.6668094401850345,,0.501665598975016,7784,7758,21,0.5008364431862051,0.9973094170403587,0.6668094401850345,47,0.006021780909673286,0.9939782190903267,0.5016655989750161,0.501665598975016,0.025290967256020338
BCCC,2,TACE-F1,False,0.4,balanced_accuracy,0.501665598975016,0.6668094401850345,,0.501665598975016,7784,7758,21,0.5008364431862051,0.9973094170403587,0.6668094401850345,47,0.006021780909673286,0.9939782190903267,0.5016655989750161,0.501665598975016,0.025290967256020338
BCCC,2,TACE-F1,True,0.45,balanced_accuracy,0.5207559256886611,0.6450633391848934,,0.5207559256886611,6798,6474,1007,0.5122061482820977,0.8709801409352979,0.6450633391848934,1331,0.17053171044202434,0.8294682895579757,0.5207559256886611,0.5207559256886611,0.05816404078298717
BCCC,2,TACE-F1,False,0.5,balanced_accuracy,0.5194106342088405,0.634690299961044,,0.5194106342088405,6517,6214,1288,0.5119000864032676,0.8349775784753363,0.634690299961044,1591,0.20384368994234464,0.7961563100576553,0.5194106342088405,0.5194106342088405,0.05004843905960448
BCCC,2,TACE-F1,False,0.55,balanced_accuracy,0.5,0.0,,0.5,0,0,7805,0.0,0.0,0.0,7805,1.0,0.0,0.5,0.5,0.0
BCCC,2,TACE-F1,False,0.6,balanced_accuracy,0.5,0.0,,0.5,0,0,7805,0.0,0.0,0.0,7805,1.0,0.0,0.5,0.5,0.0
BCCC,2,TACE-F1,False,0.65,balanced_accuracy,0.5,0.0,,0.5,0,0,7805,0.0,0.0,0.0,7805,1.0,0.0,0.5,0.5,0.0
BCCC,2,TACE-F1,False,0.7,balanced_accuracy,0.5,0.0,,0.5,0,0,7805,0.0,0.0,0.0,7805,1.0,0.0,0.5,0.5,0.0
BCCC,2,TACE-F1,False,0.75,balanced_accuracy,0.5,0.0,,0.5,0,0,7805,0.0,0.0,0.0,7805,1.0,0.0,0.5,0.5,0.0
BCCC,2,TACE-F1,False,0.8,balanced_accuracy,0.5,0.0,,0.5,0,0,7805,0.0,0.0,0.0,7805,1.0,0.0,0.5,0.5,0.0
BCCC,2,TACE-F1,False,0.85,balanced_accuracy,0.5,0.0,,0.5,0,0,7805,0.0,0.0,0.0,7805,1.0,0.0,0.5,0.5,0.0
BCCC,2,TACE-F1,False,0.9,balanced_accuracy,0.5,0.0,,0.5,0,0,7805,0.0,0.0,0.0,7805,1.0,0.0,0.5,0.5,0.0
BCCC,2,TACE-F1,False,0.95,balanced_accuracy,0.5,0.0,,0.5,0,0,7805,0.0,0.0,0.0,7805,1.0,0.0,0.5,0.5,0.0
BCCC,3,TACE-F1,False,0.05,balanced_accuracy,0.5,0.6666951396600325,,0.5,7805,7804,0,0.5000320328015888,1.0,0.6666951396600325,0,0.0,1.0,0.5000320328015888,0.5,0.0
BCCC,3,TACE-F1,False,0.1,balanced_accuracy,0.5,0.6666951396600325,,0.5,7805,7804,0,0.5000320328015888,1.0,0.6666951396600325,0,0.0,1.0,0.5000320328015888,0.5,0.0
BCCC,3,TACE-F1,False,0.15,balanced_accuracy,0.5,0.6666951396600325,,0.5,7805,7804,0,0.5000320328015888,1.0,0.6666951396600325,0,0.0,1.0,0.5000320328015888,0.5,0.0
BCCC,3,TACE-F1,False,0.2,balanced_accuracy,0.5,0.6666951396600325,,0.5,7805,7804,0,0.5000320328015888,1.0,0.6666951396600325,0,0.0,1.0,0.5000320328015888,0.5,0.0
BCCC,3,TACE-F1,False,0.25,balanced_accuracy,0.5,0.6666951396600325,,0.5,7805,7804,0,0.5000320328015888,1.0,0.6666951396600325,0,0.0,1.0,0.5000320328015888,0.5,0.0
BCCC,3,TACE-F1,False,0.3,balanced_accuracy,0.5016019314985236,0.6667523454568821,,0.5016019314985236,7782,7756,23,0.5008366585146093,0.9970531710442024,0.6667523454568821,48,0.006150691952844695,0.9938493080471553,0.5016336728810302,0.5016019314985236,0.02380632113662658
BCCC,3,TACE-F1,False,0.35,balanced_accuracy,0.5016019314985236,0.6667523454568821,,0.5016019314985236,7782,7756,23,0.5008366585146093,0.9970531710442024,0.6667523454568821,48,0.006150691952844695,0.9938493080471553,0.5016336728810302,0.5016019314985236,0.02380632113662658
BCCC,3,TACE-F1,False,0.4,balanced_accuracy,0.5016019314985236,0.6667523454568821,,0.5016019314985236,7782,7756,23,0.5008366585146093,0.9970531710442024,0.6667523454568821,48,0.006150691952844695,0.9938493080471553,0.5016336728810302,0.5016019314985236,0.02380632113662658
BCCC,3,TACE-F1,False,0.45,balanced_accuracy,0.5120506213899736,0.6519513755598209,,0.5120506213899736,7133,6944,672,0.5067130780706116,0.9139013452914798,0.6519513755598209,860,0.11019989748846745,0.8898001025115325,0.5120763661989878,0.5120506213899736,0.04050420231450678
BCCC,3,TACE-F1,True,0.5,balanced_accuracy,0.5199979001881786,0.6451979541579844,,0.5199979001881786,6812,6499,993,0.5117571932987754,0.8727738629083921,0.6451979541579844,1305,0.16722193746796515,0.8327780625320349,0.5200205009930169,0.5199979001881786,0.0564389755750275
BCCC,3,TACE-F1,False,0.55,balanced_accuracy,0.5,0.0,,0.5,0,0,7805,0.0,0.0,0.0,7804,1.0,0.0,0.4999679671984112,0.5,0.0
BCCC,3,TACE-F1,False,0.6,balanced_accuracy,0.5,0.0,,0.5,0,0,7805,0.0,0.0,0.0,7804,1.0,0.0,0.4999679671984112,0.5,0.0
BCCC,3,TACE-F1,False,0.65,balanced_accuracy,0.5,0.0,,0.5,0,0,7805,0.0,0.0,0.0,7804,1.0,0.0,0.4999679671984112,0.5,0.0
BCCC,3,TACE-F1,False,0.7,balanced_accuracy,0.5,0.0,,0.5,0,0,7805,0.0,0.0,0.0,7804,1.0,0.0,0.4999679671984112,0.5,0.0
BCCC,3,TACE-F1,False,0.75,balanced_accuracy,0.5,0.0,,0.5,0,0,7805,0.0,0.0,0.0,7804,1.0,0.0,0.4999679671984112,0.5,0.0
BCCC,3,TACE-F1,False,0.8,balanced_accuracy,0.5,0.0,,0.5,0,0,7805,0.0,0.0,0.0,7804,1.0,0.0,0.4999679671984112,0.5,0.0
BCCC,3,TACE-F1,False,0.85,balanced_accuracy,0.5,0.0,,0.5,0,0,7805,0.0,0.0,0.0,7804,1.0,0.0,0.4999679671984112,0.5,0.0
BCCC,3,TACE-F1,False,0.9,balanced_accuracy,0.5,0.0,,0.5,0,0,7805,0.0,0.0,0.0,7804,1.0,0.0,0.4999679671984112,0.5,0.0
BCCC,3,TACE-F1,False,0.95,balanced_accuracy,0.5,0.0,,0.5,0,0,7805,0.0,0.0,0.0,7804,1.0,0.0,0.4999679671984112,0.5,0.0
BCCC,4,TACE-F1,False,0.05,balanced_accuracy,0.5,0.6666666666666666,,0.5,7805,7805,0,0.5,1.0,0.6666666666666666,0,0.0,1.0,0.5,0.5,0.0
BCCC,4,TACE-F1,False,0.1,balanced_accuracy,0.5,0.6666666666666666,,0.5,7805,7805,0,0.5,1.0,0.6666666666666666,0,0.0,1.0,0.5,0.5,0.0
BCCC,4,TACE-F1,False,0.15,balanced_accuracy,0.5,0.6666666666666666,,0.5,7805,7805,0,0.5,1.0,0.6666666666666666,0,0.0,1.0,0.5,0.5,0.0
BCCC,4,TACE-F1,False,0.2,balanced_accuracy,0.5,0.6666666666666666,,0.5,7805,7805,0,0.5,1.0,0.6666666666666666,0,0.0,1.0,0.5,0.5,0.0
BCCC,4,TACE-F1,False,0.25,balanced_accuracy,0.5,0.6666666666666666,,0.5,7805,7805,0,0.5,1.0,0.6666666666666666,0,0.0,1.0,0.5,0.5,0.0
BCCC,4,TACE-F1,False,0.3,balanced_accuracy,0.5010249839846252,0.6668947525980413,,0.5010249839846252,7797,7781,8,0.5005135447425857,0.9989750160153748,0.6668947525980413,24,0.003074951953875721,0.9969250480461243,0.5010249839846252,0.5010249839846252,0.02266152560146156
BCCC,4,TACE-F1,False,0.35,balanced_accuracy,0.5017296604740551,0.6671516603902773,,0.5017296604740551,7795,7768,10,0.5008674420098953,0.9987187700192185,0.6671516603902773,37,0.004740550928891736,0.9952594490711083,0.5017296604740551,0.5017296604740551,0.031569534376210386
BCCC,4,TACE-F1,False,0.4,balanced_accuracy,0.5017296604740551,0.6671516603902773,,0.5017296604740551,7795,7768,10,0.5008674420098953,0.9987187700192185,0.6671516603902773,37,0.004740550928891736,0.9952594490711083,0.5017296604740551,0.5017296604740551,0.031569534376210386
BCCC,4,TACE-F1,False,0.45,balanced_accuracy,0.5196028187059577,0.644512917753022,,0.5196028187059577,6798,6492,1007,0.5115124153498871,0.8709801409352979,0.644512917753022,1313,0.16822549647661755,0.8317745035233824,0.5196028187059577,0.5196028187059577,0.05510803728434079
BCCC,4,TACE-F1,True,0.5,balanced_accuracy,0.5198590647021141,0.644162749845701,,0.5198590647021141,6784,6474,1021,0.5116910544576859,0.8691864189622037,0.644162749845701,1331,0.17053171044202434,0.8294682895579757,0.5198590647021141,0.5198590647021141,0.055514192598219186
BCCC,4,TACE-F1,False,0.55,balanced_accuracy,0.4999359385009609,0.0,,0.4999359385009609,0,1,7805,0.0,0.0,0.0,7804,0.9998718770019218,0.00012812299807815503,0.4999359385009609,0.4999359385009609,-0.008004099148414762
BCCC,4,TACE-F1,False,0.6,balanced_accuracy,0.5,0.0,,0.5,0,0,7805,0.0,0.0,0.0,7805,1.0,0.0,0.5,0.5,0.0
BCCC,4,TACE-F1,False,0.65,balanced_accuracy,0.5,0.0,,0.5,0,0,7805,0.0,0.0,0.0,7805,1.0,0.0,0.5,0.5,0.0
BCCC,4,TACE-F1,False,0.7,balanced_accuracy,0.5,0.0,,0.5,0,0,7805,0.0,0.0,0.0,7805,1.0,0.0,0.5,0.5,0.0
BCCC,4,TACE-F1,False,0.75,balanced_accuracy,0.5,0.0,,0.5,0,0,7805,0.0,0.0,0.0,7805,1.0,0.0,0.5,0.5,0.0
BCCC,4,TACE-F1,False,0.8,balanced_accuracy,0.5,0.0,,0.5,0,0,7805,0.0,0.0,0.0,7805,1.0,0.0,0.5,0.5,0.0
BCCC,4,TACE-F1,False,0.85,balanced_accuracy,0.5,0.0,,0.5,0,0,7805,0.0,0.0,0.0,7805,1.0,0.0,0.5,0.5,0.0
BCCC,4,TACE-F1,False,0.9,balanced_accuracy,0.5,0.0,,0.5,0,0,7805,0.0,0.0,0.0,7805,1.0,0.0,0.5,0.5,0.0
BCCC,4,TACE-F1,False,0.95,balanced_accuracy,0.5,0.0,,0.5,0,0,7805,0.0,0.0,0.0,7805,1.0,0.0,0.5,0.5,0.0
