dataset,system,protocol,records,primary_metric,primary_value,macro_f1_supported,supported_class_count,tp,fp,fn,precision,recall,f1,tn,specificity,false_positive_rate,accuracy,balanced_accuracy,mcc
SmartBugs-Curated,TACE-F1 (cross-fitted empirical-Bayes ensemble),nested cross-fitted calibration + nested selection of micro-F1 (or BCCC balanced accuracy),143,micro_f1,0.9458483754512635,0.6828454304316374,10,131,3,12,0.9776119402985075,0.916083916083916,0.9458483754512635,,,,,,
SmartBugs-Curated,TACE-Macro (cross-fitted empirical-Bayes ensemble),nested cross-fitted calibration + nested selection of supported macro-F1,143,micro_f1,0.9424460431654677,0.6801716336401935,10,131,4,12,0.9703703703703703,0.916083916083916,0.9424460431654677,,,,,,
SmartBugs-Curated,Qwen2.5-Coder-7B-Instruct,frozen model output,143,micro_f1,0.9605734767025089,0.8728772534654887,10,134,2,9,0.9852941176470589,0.9370629370629371,0.9605734767025089,,,,,,
SmartBugs-Curated,CodeLlama-7B-Instruct,frozen model output,143,micro_f1,0.6700507614213198,0.5414845094664372,10,132,119,11,0.5258964143426295,0.9230769230769231,0.6700507614213198,,,,,,
SmartBugs-Curated,Mistral-7B-Instruct-v0.3,frozen model output,143,micro_f1,0.9121621621621622,0.8122037293881954,10,135,18,8,0.8823529411764706,0.9440559440559441,0.9121621621621622,,,,,,
SmartBugs-Curated,OR-3 ensemble,fixed agreement rule; no fitted parameters,143,micro_f1,0.6731234866828087,0.5434824159967018,10,139,131,4,0.5148148148148148,0.972027972027972,0.6731234866828087,,,,,,
SmartBugs-Curated,Majority-3 ensemble,fixed agreement rule; no fitted parameters,143,micro_f1,0.9513888888888888,0.8852505314423503,10,137,8,6,0.9448275862068966,0.958041958041958,0.9513888888888888,,,,,,
SmartBugs-Curated,AND-3 ensemble,fixed agreement rule; no fitted parameters,143,micro_f1,0.9328358208955224,0.7302443202016612,10,125,0,18,1.0,0.8741258741258742,0.9328358208955224,,,,,,
ScrawlD,TACE-F1 (cross-fitted empirical-Bayes ensemble),nested cross-fitted calibration + nested selection of micro-F1 (or BCCC balanced accuracy),5664,micro_f1,0.598514635211883,0.1376214053249735,7,4110,2044,3470,0.6678583035424115,0.5422163588390502,0.598514635211883,,,,,,
ScrawlD,TACE-Macro (cross-fitted empirical-Bayes ensemble),nested cross-fitted calibration + nested selection of supported macro-F1,5664,micro_f1,0.5028539990372052,0.2870891546279978,7,7312,14190,268,0.3400613896381732,0.9646437994722955,0.5028539990372052,,,,,,
ScrawlD,Qwen2.5-Coder-7B-Instruct,frozen model output,5664,micro_f1,0.012268402603905859,0.043645631006372136,7,49,359,7531,0.12009803921568628,0.006464379947229552,0.012268402603905859,,,,,,
ScrawlD,CodeLlama-7B-Instruct,frozen model output,5664,micro_f1,0.10827430955910614,0.10763079658112171,7,986,9647,6594,0.09273017962945547,0.13007915567282322,0.10827430955910614,,,,,,
ScrawlD,Mistral-7B-Instruct-v0.3,frozen model output,5664,micro_f1,0.0791820418204182,0.07531273963392722,7,515,4913,7065,0.09487840825350037,0.0679419525065963,0.0791820418204182,,,,,,
ScrawlD,OR-3 ensemble,fixed agreement rule; no fitted parameters,5664,micro_f1,0.13308561091282453,0.13082805861984265,7,1361,11512,6219,0.10572516119008778,0.1795514511873351,0.13308561091282453,,,,,,
ScrawlD,Majority-3 ensemble,fixed agreement rule; no fitted parameters,5664,micro_f1,0.03303249097472924,0.04010859816825576,7,183,3317,7397,0.05228571428571428,0.024142480211081795,0.03303249097472924,,,,,,
ScrawlD,AND-3 ensemble,fixed agreement rule; no fitted parameters,5664,micro_f1,0.001563314226159458,0.011585240156668728,7,6,90,7574,0.0625,0.0007915567282321899,0.001563314226159458,,,,,,
BCCC,TACE-F1 (cross-fitted empirical-Bayes ensemble),nested cross-fitted calibration + nested selection of micro-F1 (or BCCC balanced accuracy),19512,balanced_accuracy,0.5199876998769988,,,8494,8104,1262,0.511748403422099,0.8706437064370643,0.6446080291416862,1652,0.16933169331693318,0.8306683066830668,0.5199876998769988,0.5199876998769988,0.05607792728913083
BCCC,Qwen2.5-Coder-7B-Instruct,frozen model output,19512,balanced_accuracy,0.49989749897498975,,,552,554,9204,0.49909584086799275,0.056580565805658053,0.10163874056343215,9202,0.9432144321443214,0.05678556785567856,0.49989749897498975,0.49989749897498975,-0.00044327447420551536
BCCC,CodeLlama-7B-Instruct,frozen model output,19512,balanced_accuracy,0.5017937679376794,,,9738,9703,18,0.5009001594568181,0.9981549815498155,0.6670548344007946,53,0.005432554325543256,0.9945674456744568,0.5017937679376794,0.5017937679376794,0.029790621923843075
BCCC,Mistral-7B-Instruct-v0.3,frozen model output,19512,balanced_accuracy,0.5201927019270193,,,8499,8105,1257,0.5118646109371235,0.8711562115621156,0.6448406676783005,1651,0.16922919229192293,0.8307708077080771,0.5201927019270193,0.5201927019270193,0.05670125328985323
BCCC,OR-3 ensemble,fixed agreement rule; no fitted parameters,19512,balanced_accuracy,0.5016912669126692,,,9744,9711,12,0.5008481110254434,0.998769987699877,0.6671459381739756,45,0.004612546125461255,0.9953874538745388,0.5016912669126691,0.5016912669126692,0.03133725087844486
BCCC,Majority-3 ensemble,fixed agreement rule; no fitted parameters,19512,balanced_accuracy,0.5190651906519065,,,8525,8153,1231,0.5111524163568774,0.8738212382123821,0.6450026481047136,1603,0.1643091430914309,0.835690856908569,0.5190651906519065,0.5190651906519065,0.054109189933470934
BCCC,AND-3 ensemble,fixed agreement rule; no fitted parameters,19512,balanced_accuracy,0.5011275112751128,,,520,498,9236,0.5108055009823183,0.05330053300533005,0.09652868015593094,9258,0.9489544895448955,0.051045510455104554,0.5011275112751128,0.5011275112751128,0.0050702965991799185
